{"type":"FeatureCollection","generatedAt":"2026-08-30T10:58:33Z","retentionPolicy":"append-and-revise; never delete by age","filterNote":"M3.0+ and within 200 km of a selected dam or simplified waterway corridor","features":[{"type":"Feature","id":"us10006puf","geometry":{"type":"Point","coordinates":[104.6593,29.1898]},"properties":{"eventId":"us10006puf","time":"2016-09-10T02:44:57Z","timestamp":1473475497420,"mag":4.3,"magType":"mb","depthKm":10.0,"place":"20 km SW of Zigong, China","nearestDam":"向家坝水电站","nearestDamKm":65.82,"nearestBasin":"长江—金沙江干流","corridorDistanceKm":43.43,"source":"USGS FDSN Event Web Service","url":"https://earthquake.usgs.gov/earthquakes/eventpage/us10006puf","updated":1481079368040}},{"type":"Feature","id":"us10006rpi","geometry":{"type":"Point","coordinates":[99.6908,30.1819]},"properties":{"eventId":"us10006rpi","time":"2016-09-22T16:47:16Z","timestamp":1474562836160,"mag":5.2,"magType":"mb","depthKm":21.99,"place":"219 km W of Kangding, China","nearestDam":"两河口水电站","nearestDamKm":126.77,"nearestBasin":"雅砻江","corridorDistanceKm":127.57,"source":"USGS FDSN Event Web Service","url":"https://earthquake.usgs.gov/earthquakes/eventpage/us10006rpi","updated":1651600805327}},{"type":"Feature","id":"us10006u52","geometry":{"type":"Point","coordinates":[99.7368,30.1048]},"properties":{"eventId":"us10006u52","time":"2016-09-22T16:50:33Z","timestamp":1474563033440,"mag":4.7,"magType":"mb","depthKm":23.45,"place":"214 km W of Kangding, China","nearestDam":"两河口水电站","nearestDamKm":122.8,"nearestBasin":"雅砻江","corridorDistanceKm":123.55,"source":"USGS FDSN Event Web Service","url":"https://earthquake.usgs.gov/earthquakes/eventpage/us10006u52","updated":1481583697040}},{"type":"Feature","id":"us10006rpv","geometry":{"type":"Point","coordinates":[99.6502,30.1768]},"properties":{"eventId":"us10006rpv","time":"2016-09-22T17:23:15Z","timestamp":1474564995960,"mag":5.3,"magType":"mb","depthKm":21.01,"place":"223 km W of Kangding, China","nearestDam":"两河口水电站","nearestDamKm":130.69,"nearestBasin":"雅砻江","corridorDistanceKm":131.51,"source":"USGS FDSN Event Web Service","url":"https://earthquake.usgs.gov/earthquakes/eventpage/us10006rpv","updated":1651604116522}},{"type":"Feature","id":"us10006uni","geometry":{"type":"Point","coordinates":[99.7532,29.9005]},"properties":{"eventId":"us10006uni","time":"2016-09-23T02:18:36Z","timestamp":1474597116800,"mag":4.2,"magType":"mb","depthKm":10.0,"place":"213 km W of Kangding, China","nearestDam":"两河口水电站","nearestDamKm":125.28,"nearestBasin":"雅砻江","corridorDistanceKm":124.43,"source":"USGS FDSN Event Web Service","url":"https://earthquake.usgs.gov/earthquakes/eventpage/us10006uni","updated":1481685463040}},{"type":"Feature","id":"us10006v68","geometry":{"type":"Point","coordinates":[101.9338,29.633]},"properties":{"eventId":"us10006v68","time":"2016-09-25T08:00:30Z","timestamp":1474790430390,"mag":4.2,"magType":"mb","depthKm":56.98,"place":"40 km S of Kangding, China","nearestDam":"大岗山水电站","nearestDamKm":34.44,"nearestBasin":"大渡河","corridorDistanceKm":24.78,"source":"USGS FDSN Event Web Service","url":"https://earthquake.usgs.gov/earthquakes/eventpage/us10006v68","updated":1481685468040}},{"type":"Feature","id":"us20007c5d","geometry":{"type":"Point","coordinates":[103.5493,28.3452]},"properties":{"eventId":"us20007c5d","time":"2016-09-26T08:03:25Z","timestamp":1474877005350,"mag":4.3,"magType":"mb","depthKm":10.0,"place":"eastern Sichuan, China","nearestDam":"溪洛渡水电站","nearestDamKm":13.4,"nearestBasin":"长江—金沙江干流","corridorDistanceKm":13.36,"source":"USGS FDSN Event Web Service","url":"https://earthquake.usgs.gov/earthquakes/eventpage/us20007c5d","updated":1481685470040}},{"type":"Feature","id":"us10006ste","geometry":{"type":"Point","coordinates":[99.609,30.1727]},"properties":{"eventId":"us10006ste","time":"2016-09-26T15:48:53Z","timestamp":1474904933920,"mag":4.9,"magType":"mb","depthKm":22.98,"place":"227 km W of Kangding, China","nearestDam":"两河口水电站","nearestDamKm":134.66,"nearestBasin":"雅砻江","corridorDistanceKm":135.5,"source":"USGS FDSN Event Web Service","url":"https://earthquake.usgs.gov/earthquakes/eventpage/us10006ste","updated":1481685471040}},{"type":"Feature","id":"us10006tmm","geometry":{"type":"Point","coordinates":[101.9644,29.6438]},"properties":{"eventId":"us10006tmm","time":"2016-09-28T21:36:31Z","timestamp":1475098591970,"mag":4.5,"magType":"mb","depthKm":10.0,"place":"39 km S of Kangding, China","nearestDam":"大岗山水电站","nearestDamKm":32.89,"nearestBasin":"大渡河","corridorDistanceKm":21.7,"source":"USGS FDSN Event Web Service","url":"https://earthquake.usgs.gov/earthquakes/eventpage/us10006tmm","updated":1481685475040}},{"type":"Feature","id":"us100072qd","geometry":{"type":"Point","coordinates":[104.0662,32.5488]},"properties":{"eventId":"us100072qd","time":"2016-10-25T14:29:24Z","timestamp":1477405764740,"mag":4.7,"magType":"mb","depthKm":31.2,"place":"106 km NW of Jiangyou, China","nearestDam":"碧口水电站","nearestDamKm":102.68,"nearestBasin":"嘉陵江","corridorDistanceKm":102.8,"source":"USGS FDSN Event Web Service","url":"https://earthquake.usgs.gov/earthquakes/eventpage/us100072qd","updated":1484872266040}},{"type":"Feature","id":"us100076nr","geometry":{"type":"Point","coordinates":[104.9018,32.1678]},"properties":{"eventId":"us100076nr","time":"2016-11-03T22:08:02Z","timestamp":1478210882060,"mag":4.1,"magType":"mb","depthKm":10.0,"place":"Sichuan-Gansu border region, China","nearestDam":"碧口水电站","nearestDamKm":74.44,"nearestBasin":"嘉陵江","corridorDistanceKm":70.01,"source":"USGS FDSN Event Web Service","url":"https://earthquake.usgs.gov/earthquakes/eventpage/us100076nr","updated":1485223336040}},{"type":"Feature","id":"us10007dk9","geometry":{"type":"Point","coordinates":[99.8455,25.5932]},"properties":{"eventId":"us10007dk9","time":"2016-11-17T04:10:35Z","timestamp":1479355835060,"mag":4.1,"magType":"mb","depthKm":31.85,"place":"36 km W of Dali, China","nearestDam":"鲁地拉水电站","nearestDamKm":118.35,"nearestBasin":"长江—金沙江干流","corridorDistanceKm":114.95,"source":"USGS FDSN Event Web Service","url":"https://earthquake.usgs.gov/earthquakes/eventpage/us10007dk9","updated":1486609352040}},{"type":"Feature","id":"us1000798q","geometry":{"type":"Point","coordinates":[99.9766,25.7955]},"properties":{"eventId":"us1000798q","time":"2016-11-17T04:22:47Z","timestamp":1479356567690,"mag":4.5,"magType":"mb","depthKm":10.0,"place":"33 km NW of Dali, China","nearestDam":"龙开口水电站","nearestDamKm":92.57,"nearestBasin":"长江—金沙江干流","corridorDistanceKm":89.54,"source":"USGS FDSN Event Web Service","url":"https://earthquake.usgs.gov/earthquakes/eventpage/us1000798q","updated":1486609352040}},{"type":"Feature","id":"us10007m3u","geometry":{"type":"Point","coordinates":[99.6366,30.1814]},"properties":{"eventId":"us10007m3u","time":"2016-12-22T20:43:53Z","timestamp":1482439433640,"mag":4.2,"magType":"mb","depthKm":18.39,"place":"224 km W of Kangding, China","nearestDam":"两河口水电站","nearestDamKm":131.98,"nearestBasin":"雅砻江","corridorDistanceKm":132.82,"source":"USGS FDSN Event Web Service","url":"https://earthquake.usgs.gov/earthquakes/eventpage/us10007m3u","updated":1489631493040}},{"type":"Feature","id":"us10007rq1","geometry":{"type":"Point","coordinates":[99.6857,30.0754]},"properties":{"eventId":"us10007rq1","time":"2016-12-22T21:01:50Z","timestamp":1482440510730,"mag":4.1,"magType":"mb","depthKm":23.9,"place":"219 km W of Kangding, China","nearestDam":"两河口水电站","nearestDamKm":128.01,"nearestBasin":"雅砻江","corridorDistanceKm":128.78,"source":"USGS FDSN Event Web Service","url":"https://earthquake.usgs.gov/earthquakes/eventpage/us10007rq1","updated":1489631493040}},{"type":"Feature","id":"us10007mkd","geometry":{"type":"Point","coordinates":[101.4146,28.0362]},"properties":{"eventId":"us10007mkd","time":"2016-12-24T23:26:08Z","timestamp":1482621968740,"mag":4.7,"magType":"mb","depthKm":10.0,"place":"84 km W of Xichang, China","nearestDam":"锦屏一级水电站","nearestDamKm":26.7,"nearestBasin":"雅砻江","corridorDistanceKm":26.63,"source":"USGS FDSN Event Web Service","url":"https://earthquake.usgs.gov/earthquakes/eventpage/us10007mkd","updated":1490309521040}},{"type":"Feature","id":"us10007myh","geometry":{"type":"Point","coordinates":[105.7319,29.4732]},"properties":{"eventId":"us10007myh","time":"2016-12-27T00:17:33Z","timestamp":1482797853660,"mag":4.9,"magType":"mb","depthKm":10.0,"place":"20 km NW of Yongchuan, China","nearestDam":"草街航电枢纽","nearestDamKm":79.73,"nearestBasin":"嘉陵江","corridorDistanceKm":39.99,"source":"USGS FDSN Event Web Service","url":"https://earthquake.usgs.gov/earthquakes/eventpage/us10007myh","updated":1654343515651}},{"type":"Feature","id":"us10007n4x","geometry":{"type":"Point","coordinates":[105.5979,29.4126]},"properties":{"eventId":"us10007n4x","time":"2016-12-28T04:43:51Z","timestamp":1482900231070,"mag":4.4,"magType":"mb","depthKm":10.0,"place":"29 km WNW of Yongchuan, China","nearestDam":"草街航电枢纽","nearestDamKm":94.16,"nearestBasin":"嘉陵江","corridorDistanceKm":38.29,"source":"USGS FDSN Event Web Service","url":"https://earthquake.usgs.gov/earthquakes/eventpage/us10007n4x","updated":1490309526040}},{"type":"Feature","id":"us10007thr","geometry":{"type":"Point","coordinates":[104.8434,28.1681]},"properties":{"eventId":"us10007thr","time":"2016-12-28T12:03:10Z","timestamp":1482926590390,"mag":4.1,"magType":"mb","depthKm":10.0,"place":"34 km SSE of Xunchang, China","nearestDam":"向家坝水电站","nearestDamKm":68.94,"nearestBasin":"长江—金沙江干流","corridorDistanceKm":64.77,"source":"USGS FDSN Event Web Service","url":"https://earthquake.usgs.gov/earthquakes/eventpage/us10007thr","updated":1490309527040}},{"type":"Feature","id":"us10007px0","geometry":{"type":"Point","coordinates":[102.2706,29.7448]},"properties":{"eventId":"us10007px0","time":"2017-01-04T15:14:32Z","timestamp":1483542872360,"mag":4.7,"magType":"mb","depthKm":10.0,"place":"41 km SE of Kangding, China","nearestDam":"大岗山水电站","nearestDamKm":33.29,"nearestBasin":"大渡河","corridorDistanceKm":9.04,"source":"USGS FDSN Event Web Service","url":"https://earthquake.usgs.gov/earthquakes/eventpage/us10007px0","updated":1490658802040}},{"type":"Feature","id":"us10007tdf","geometry":{"type":"Point","coordinates":[104.765,28.0958]},"properties":{"eventId":"us10007tdf","time":"2017-01-15T10:05:39Z","timestamp":1484474739570,"mag":4.5,"magType":"mb","depthKm":31.99,"place":"eastern Sichuan, China","nearestDam":"向家坝水电站","nearestDamKm":71.1,"nearestBasin":"长江—金沙江干流","corridorDistanceKm":69.58,"source":"USGS FDSN Event Web Service","url":"https://earthquake.usgs.gov/earthquakes/eventpage/us10007tdf","updated":1491964137040}},{"type":"Feature","id":"us10007wg0","geometry":{"type":"Point","coordinates":[104.7425,28.1323]},"properties":{"eventId":"us10007wg0","time":"2017-01-15T11:20:59Z","timestamp":1484479259100,"mag":4.4,"magType":"mb","depthKm":35.68,"place":"35 km S of Xunchang, China","nearestDam":"向家坝水电站","nearestDamKm":66.49,"nearestBasin":"长江—金沙江干流","corridorDistanceKm":65.03,"source":"USGS FDSN Event Web Service","url":"https://earthquake.usgs.gov/earthquakes/eventpage/us10007wg0","updated":1491964137040}},{"type":"Feature","id":"us10007wg1","geometry":{"type":"Point","coordinates":[104.6715,28.1162]},"properties":{"eventId":"us10007wg1","time":"2017-01-15T11:29:21Z","timestamp":1484479761650,"mag":4.1,"magType":"mb","depthKm":31.92,"place":"37 km S of Xunchang, China","nearestDam":"向家坝水电站","nearestDamKm":64.83,"nearestBasin":"长江—金沙江干流","corridorDistanceKm":64.27,"source":"USGS FDSN Event Web Service","url":"https://earthquake.usgs.gov/earthquakes/eventpage/us10007wg1","updated":1491964137040}},{"type":"Feature","id":"us10007ty6","geometry":{"type":"Point","coordinates":[104.8738,28.1707]},"properties":{"eventId":"us10007ty6","time":"2017-01-18T14:35:19Z","timestamp":1484750119790,"mag":4.9,"magType":"mb","depthKm":44.71,"place":"35 km SSE of Xunchang, China","nearestDam":"向家坝水电站","nearestDamKm":70.66,"nearestBasin":"长江—金沙江干流","corridorDistanceKm":65.54,"source":"USGS FDSN Event Web Service","url":"https://earthquake.usgs.gov/earthquakes/eventpage/us10007ty6","updated":1491964140040}},{"type":"Feature","id":"us10007u6h","geometry":{"type":"Point","coordinates":[104.7973,28.148]},"properties":{"eventId":"us10007u6h","time":"2017-01-19T20:12:26Z","timestamp":1484856746170,"mag":4.3,"magType":"mb","depthKm":33.68,"place":"34 km SSE of Xunchang, China","nearestDam":"向家坝水电站","nearestDamKm":67.96,"nearestBasin":"长江—金沙江干流","corridorDistanceKm":65.28,"source":"USGS FDSN Event Web Service","url":"https://earthquake.usgs.gov/earthquakes/eventpage/us10007u6h","updated":1491964142040}},{"type":"Feature","id":"us10007vts","geometry":{"type":"Point","coordinates":[104.8275,28.1832]},"properties":{"eventId":"us10007vts","time":"2017-01-27T18:46:36Z","timestamp":1485542796360,"mag":5.3,"magType":"mb","depthKm":32.24,"place":"32 km SSE of Xunchang, China","nearestDam":"向家坝水电站","nearestDamKm":66.65,"nearestBasin":"长江—金沙江干流","corridorDistanceKm":62.67,"source":"USGS FDSN Event Web Service","url":"https://earthquake.usgs.gov/earthquakes/eventpage/us10007vts","updated":1492626662040}},{"type":"Feature","id":"us20008fsq","geometry":{"type":"Point","coordinates":[104.7993,28.1777]},"properties":{"eventId":"us20008fsq","time":"2017-02-02T00:34:33Z","timestamp":1485995673470,"mag":4.6,"magType":"mb","depthKm":33.37,"place":"31 km SSE of Xunchang, China","nearestDam":"向家坝水电站","nearestDamKm":65.42,"nearestBasin":"长江—金沙江干流","corridorDistanceKm":62.27,"source":"USGS FDSN Event Web Service","url":"https://earthquake.usgs.gov/earthquakes/eventpage/us20008fsq","updated":1493257121040}},{"type":"Feature","id":"us20008ig7","geometry":{"type":"Point","coordinates":[103.4248,27.303]},"properties":{"eventId":"us20008ig7","time":"2017-02-08T11:11:42Z","timestamp":1486552302050,"mag":4.9,"magType":"mb","depthKm":10.0,"place":"28 km W of Zhaotong, China","nearestDam":"白鹤滩水电站","nearestDamKm":77.38,"nearestBasin":"长江—金沙江干流","corridorDistanceKm":16.72,"source":"USGS FDSN Event Web Service","url":"https://earthquake.usgs.gov/earthquakes/eventpage/us20008ig7","updated":1651604251428}},{"type":"Feature","id":"us20008mr6","geometry":{"type":"Point","coordinates":[102.2877,29.8635]},"properties":{"eventId":"us20008mr6","time":"2017-02-17T03:12:30Z","timestamp":1487301150290,"mag":4.2,"magType":"mb","depthKm":10.0,"place":"Western Sichuan, China","nearestDam":"大岗山水电站","nearestDamKm":46.59,"nearestBasin":"大渡河","corridorDistanceKm":12.35,"source":"USGS FDSN Event Web Service","url":"https://earthquake.usgs.gov/earthquakes/eventpage/us20008mr6","updated":1494637402040}},{"type":"Feature","id":"us20008ljd","geometry":{"type":"Point","coordinates":[110.7194,30.6475]},"properties":{"eventId":"us20008ljd","time":"2017-02-22T18:41:26Z","timestamp":1487788886870,"mag":4.2,"magType":"mb","depthKm":16.62,"place":"54 km W of Yichang, China","nearestDam":"三峡大坝","nearestDamKm":33.96,"nearestBasin":"长江—金沙江干流","corridorDistanceKm":0.66,"source":"USGS FDSN Event Web Service","url":"https://earthquake.usgs.gov/earthquakes/eventpage/us20008ljd","updated":1494983976040}},{"type":"Feature","id":"us20008mfi","geometry":{"type":"Point","coordinates":[103.652,31.0068]},"properties":{"eventId":"us20008mfi","time":"2017-02-25T19:24:52Z","timestamp":1488050692160,"mag":4.5,"magType":"mb","depthKm":10.0,"place":"27 km W of Tianpeng, China","nearestDam":"紫坪铺水利枢纽","nearestDamKm":15.06,"nearestBasin":"岷江","corridorDistanceKm":14.4,"source":"USGS FDSN Event Web Service","url":"https://earthquake.usgs.gov/earthquakes/eventpage/us20008mfi","updated":1494983980040}},{"type":"Feature","id":"us100088iq","geometry":{"type":"Point","coordinates":[103.5744,27.204]},"properties":{"eventId":"us100088iq","time":"2017-03-12T12:21:23Z","timestamp":1489321283710,"mag":4.8,"magType":"mb","depthKm":37.34,"place":"18 km SW of Zhaotong, China","nearestDam":"白鹤滩水电站","nearestDamKm":78.41,"nearestBasin":"长江—金沙江干流","corridorDistanceKm":34.41,"source":"USGS FDSN Event Web Service","url":"https://earthquake.usgs.gov/earthquakes/eventpage/us100088iq","updated":1496795616040}},{"type":"Feature","id":"us20008uw4","geometry":{"type":"Point","coordinates":[99.8842,25.8832]},"properties":{"eventId":"us20008uw4","time":"2017-03-26T23:40:31Z","timestamp":1490571631620,"mag":4.6,"magType":"mb","depthKm":10.0,"place":"46 km NW of Dali, China","nearestDam":"龙开口水电站","nearestDamKm":89.22,"nearestBasin":"长江—金沙江干流","corridorDistanceKm":88.51,"source":"USGS FDSN Event Web Service","url":"https://earthquake.usgs.gov/earthquakes/eventpage/us20008uw4","updated":1651601655004}},{"type":"Feature","id":"us20008uw7","geometry":{"type":"Point","coordinates":[99.8406,25.9382]},"properties":{"eventId":"us20008uw7","time":"2017-03-26T23:55:06Z","timestamp":1490572506280,"mag":5.0,"magType":"mb","depthKm":27.61,"place":"54 km NW of Dali, China","nearestDam":"龙开口水电站","nearestDamKm":87.15,"nearestBasin":"长江—金沙江干流","corridorDistanceKm":86.86,"source":"USGS FDSN Event Web Service","url":"https://earthquake.usgs.gov/earthquakes/eventpage/us20008uw7","updated":1651601656971}},{"type":"Feature","id":"us20008uwd","geometry":{"type":"Point","coordinates":[100.0053,25.9263]},"properties":{"eventId":"us20008uwd","time":"2017-03-27T01:10:25Z","timestamp":1490577025410,"mag":4.1,"magType":"mb","depthKm":10.0,"place":"43 km NNW of Dali, China","nearestDam":"龙开口水电站","nearestDamKm":78.5,"nearestBasin":"长江—金沙江干流","corridorDistanceKm":76.87,"source":"USGS FDSN Event Web Service","url":"https://earthquake.usgs.gov/earthquakes/eventpage/us20008uwd","updated":1497654478040}},{"type":"Feature","id":"us10008d74","geometry":{"type":"Point","coordinates":[103.6919,27.2118]},"properties":{"eventId":"us10008d74","time":"2017-03-29T23:48:19Z","timestamp":1490831299670,"mag":4.1,"magType":"mb","depthKm":10.0,"place":"11 km SSW of Zhaotong, China","nearestDam":"白鹤滩水电站","nearestDamKm":87.77,"nearestBasin":"长江—金沙江干流","corridorDistanceKm":44.98,"source":"USGS FDSN Event Web Service","url":"https://earthquake.usgs.gov/earthquakes/eventpage/us10008d74","updated":1497654482040}},{"type":"Feature","id":"us10008fj7","geometry":{"type":"Point","coordinates":[103.5628,28.532]},"properties":{"eventId":"us10008fj7","time":"2017-04-03T20:57:53Z","timestamp":1491253073230,"mag":4.1,"magType":"mb","depthKm":37.63,"place":"104 km SSW of Luocheng, China","nearestDam":"溪洛渡水电站","nearestDamKm":31.5,"nearestBasin":"长江—金沙江干流","corridorDistanceKm":30.17,"source":"USGS FDSN Event Web Service","url":"https://earthquake.usgs.gov/earthquakes/eventpage/us10008fj7","updated":1498202788040}},{"type":"Feature","id":"us10008gmf","geometry":{"type":"Point","coordinates":[105.0359,28.1907]},"properties":{"eventId":"us10008gmf","time":"2017-04-05T10:34:59Z","timestamp":1491388499630,"mag":4.3,"magType":"mb","depthKm":10.0,"place":"42 km SE of Xunchang, China","nearestDam":"向家坝水电站","nearestDamKm":80.64,"nearestBasin":"长江—金沙江干流","corridorDistanceKm":69.0,"source":"USGS FDSN Event Web Service","url":"https://earthquake.usgs.gov/earthquakes/eventpage/us10008gmf","updated":1498202792040}},{"type":"Feature","id":"us10008ilw","geometry":{"type":"Point","coordinates":[104.7126,32.4156]},"properties":{"eventId":"us10008ilw","time":"2017-04-10T18:25:09Z","timestamp":1491848709740,"mag":4.5,"magType":"mb","depthKm":30.36,"place":"71 km N of Jiangyou, China","nearestDam":"碧口水电站","nearestDamKm":58.16,"nearestBasin":"嘉陵江","corridorDistanceKm":58.01,"source":"USGS FDSN Event Web Service","url":"https://earthquake.usgs.gov/earthquakes/eventpage/us10008ilw","updated":1499278195040}},{"type":"Feature","id":"us10008ju1","geometry":{"type":"Point","coordinates":[104.1057,31.4786]},"properties":{"eventId":"us10008ju1","time":"2017-04-22T21:26:57Z","timestamp":1492896417730,"mag":4.8,"magType":"mb","depthKm":10.0,"place":"46 km NW of Deyang, China","nearestDam":"紫坪铺水利枢纽","nearestDamKm":78.26,"nearestBasin":"岷江","corridorDistanceKm":78.51,"source":"USGS FDSN Event Web Service","url":"https://earthquake.usgs.gov/earthquakes/eventpage/us10008ju1","updated":1499737721040}},{"type":"Feature","id":"us10008ps4","geometry":{"type":"Point","coordinates":[104.9952,28.177]},"properties":{"eventId":"us10008ps4","time":"2017-04-30T22:57:14Z","timestamp":1493593034470,"mag":4.4,"magType":"mb","depthKm":35.55,"place":"41 km SE of Xunchang, China","nearestDam":"向家坝水电站","nearestDamKm":78.58,"nearestBasin":"长江—金沙江干流","corridorDistanceKm":69.03,"source":"USGS FDSN Event Web Service","url":"https://earthquake.usgs.gov/earthquakes/eventpage/us10008ps4","updated":1501298169040}},{"type":"Feature","id":"us10008p5s","geometry":{"type":"Point","coordinates":[104.9116,28.1573]},"properties":{"eventId":"us10008p5s","time":"2017-05-04T05:40:22Z","timestamp":1493876422770,"mag":4.9,"magType":"mb","depthKm":10.0,"place":"38 km SSE of Xunchang, China","nearestDam":"向家坝水电站","nearestDamKm":74.25,"nearestBasin":"长江—金沙江干流","corridorDistanceKm":68.22,"source":"USGS FDSN Event Web Service","url":"https://earthquake.usgs.gov/earthquakes/eventpage/us10008p5s","updated":1501298180040}},{"type":"Feature","id":"us10008tkj","geometry":{"type":"Point","coordinates":[99.7761,25.818]},"properties":{"eventId":"us10008tkj","time":"2017-05-19T16:02:16Z","timestamp":1495209736700,"mag":4.4,"magType":"mb","depthKm":10.0,"place":"50 km WNW of Dali, China","nearestDam":"龙开口水电站","nearestDamKm":101.55,"nearestBasin":"长江—金沙江干流","corridorDistanceKm":101.11,"source":"USGS FDSN Event Web Service","url":"https://earthquake.usgs.gov/earthquakes/eventpage/us10008tkj","updated":1501903932040}},{"type":"Feature","id":"us20009kvl","geometry":{"type":"Point","coordinates":[103.3782,31.1781]},"properties":{"eventId":"us20009kvl","time":"2017-06-06T06:04:59Z","timestamp":1496729099280,"mag":4.2,"magType":"mb","depthKm":10.0,"place":"57 km WNW of Tianpeng, China","nearestDam":"紫坪铺水利枢纽","nearestDamKm":21.93,"nearestBasin":"岷江","corridorDistanceKm":21.89,"source":"USGS FDSN Event Web Service","url":"https://earthquake.usgs.gov/earthquakes/eventpage/us20009kvl","updated":1502851338040}},{"type":"Feature","id":"us20009mr9","geometry":{"type":"Point","coordinates":[104.9566,28.0901]},"properties":{"eventId":"us20009mr9","time":"2017-06-09T13:17:45Z","timestamp":1497014265460,"mag":4.6,"magType":"mb","depthKm":30.39,"place":"46 km SSE of Xunchang, China","nearestDam":"向家坝水电站","nearestDamKm":82.75,"nearestBasin":"长江—金沙江干流","corridorDistanceKm":76.71,"source":"USGS FDSN Event Web Service","url":"https://earthquake.usgs.gov/earthquakes/eventpage/us20009mr9","updated":1502851341040}},{"type":"Feature","id":"us20009myy","geometry":{"type":"Point","coordinates":[110.4193,31.1393]},"properties":{"eventId":"us20009myy","time":"2017-06-16T11:48:14Z","timestamp":1497613694490,"mag":4.6,"magType":"mb","depthKm":10.0,"place":"95 km WNW of Yichang, China","nearestDam":"三峡大坝","nearestDamKm":66.01,"nearestBasin":"长江—金沙江干流","corridorDistanceKm":46.35,"source":"USGS FDSN Event Web Service","url":"https://earthquake.usgs.gov/earthquakes/eventpage/us20009myy","updated":1503098010040}},{"type":"Feature","id":"us20009nf3","geometry":{"type":"Point","coordinates":[110.4306,31.1855]},"properties":{"eventId":"us20009nf3","time":"2017-06-18T09:39:24Z","timestamp":1497778764710,"mag":4.4,"magType":"mb","depthKm":15.92,"place":"96 km WNW of Yichang, China","nearestDam":"三峡大坝","nearestDamKm":67.97,"nearestBasin":"长江—金沙江干流","corridorDistanceKm":51.09,"source":"USGS FDSN Event Web Service","url":"https://earthquake.usgs.gov/earthquakes/eventpage/us20009nf3","updated":1503506144040}},{"type":"Feature","id":"us20009pbp","geometry":{"type":"Point","coordinates":[99.4611,29.4452]},"properties":{"eventId":"us20009pbp","time":"2017-06-20T12:16:25Z","timestamp":1497960985000,"mag":4.2,"magType":"mb","depthKm":35.0,"place":"181 km N of Shangri-La, China","nearestDam":"两河口水电站","nearestDamKm":171.06,"nearestBasin":"雅砻江","corridorDistanceKm":158.18,"source":"USGS FDSN Event Web Service","url":"https://earthquake.usgs.gov/earthquakes/eventpage/us20009pbp","updated":1503506149040}},{"type":"Feature","id":"us20009wtv","geometry":{"type":"Point","coordinates":[105.5261,32.3516]},"properties":{"eventId":"us20009wtv","time":"2017-07-16T22:56:01Z","timestamp":1500245761640,"mag":4.9,"magType":"mb","depthKm":13.99,"place":"29 km WSW of Guangyuan, China","nearestDam":"宝珠寺水电站","nearestDamKm":20.29,"nearestBasin":"嘉陵江","corridorDistanceKm":11.33,"source":"USGS FDSN Event Web Service","url":"https://earthquake.usgs.gov/earthquakes/eventpage/us20009wtv","updated":1507683829040}},{"type":"Feature","id":"us2000a6fq","geometry":{"type":"Point","coordinates":[108.898,26.9075]},"properties":{"eventId":"us2000a6fq","time":"2017-08-05T04:01:59Z","timestamp":1501905719230,"mag":4.4,"magType":"mb","depthKm":10.0,"place":"20 km WNW of Runsong, China","nearestDam":"思林水电站","nearestDamKm":124.12,"nearestBasin":"乌江","corridorDistanceKm":123.62,"source":"USGS FDSN Event Web Service","url":"https://earthquake.usgs.gov/earthquakes/eventpage/us2000a6fq","updated":1508291659040}},{"type":"Feature","id":"us2000a5x1","geometry":{"type":"Point","coordinates":[103.8552,33.1926]},"properties":{"eventId":"us2000a5x1","time":"2017-08-08T13:19:49Z","timestamp":1502198389540,"mag":6.5,"magType":"mww","depthKm":9.0,"place":"168 km SW of Mawu, China","nearestDam":"碧口水电站","nearestDamKm":125.12,"nearestBasin":"嘉陵江","corridorDistanceKm":125.37,"source":"USGS FDSN Event Web Service","url":"https://earthquake.usgs.gov/earthquakes/eventpage/us2000a5x1","updated":1742994378297}},{"type":"Feature","id":"us2000a7c5","geometry":{"type":"Point","coordinates":[103.7529,33.048]},"properties":{"eventId":"us2000a7c5","time":"2017-08-08T16:35:20Z","timestamp":1502210120100,"mag":4.7,"magType":"mb","depthKm":10.0,"place":"168 km NNW of Jiangyou, China","nearestDam":"碧口水电站","nearestDamKm":130.06,"nearestBasin":"嘉陵江","corridorDistanceKm":130.37,"source":"USGS FDSN Event Web Service","url":"https://earthquake.usgs.gov/earthquakes/eventpage/us2000a7c5","updated":1508891883040}},{"type":"Feature","id":"us2000a7c8","geometry":{"type":"Point","coordinates":[103.3728,33.3015]},"properties":{"eventId":"us2000a7c8","time":"2017-08-08T21:16:05Z","timestamp":1502226965570,"mag":4.0,"magType":"mb","depthKm":10.0,"place":"189 km SW of Mawu, China","nearestDam":"碧口水电站","nearestDamKm":171.5,"nearestBasin":"嘉陵江","corridorDistanceKm":171.89,"source":"USGS FDSN Event Web Service","url":"https://earthquake.usgs.gov/earthquakes/eventpage/us2000a7c8","updated":1508891883040}},{"type":"Feature","id":"us2000a644","geometry":{"type":"Point","coordinates":[103.9507,33.4574]},"properties":{"eventId":"us2000a644","time":"2017-08-08T21:37:18Z","timestamp":1502228238570,"mag":4.1,"magType":"mb","depthKm":10.0,"place":"139 km SW of Mawu, China","nearestDam":"碧口水电站","nearestDamKm":130.23,"nearestBasin":"嘉陵江","corridorDistanceKm":130.33,"source":"USGS FDSN Event Web Service","url":"https://earthquake.usgs.gov/earthquakes/eventpage/us2000a644","updated":1508891883040}},{"type":"Feature","id":"us2000a7cb","geometry":{"type":"Point","coordinates":[103.835,33.2393]},"properties":{"eventId":"us2000a7cb","time":"2017-08-08T22:49:33Z","timestamp":1502232573220,"mag":4.2,"magType":"mb","depthKm":10.0,"place":"165 km SW of Mawu, China","nearestDam":"碧口水电站","nearestDamKm":128.69,"nearestBasin":"嘉陵江","corridorDistanceKm":128.93,"source":"USGS FDSN Event Web Service","url":"https://earthquake.usgs.gov/earthquakes/eventpage/us2000a7cb","updated":1508891883040}},{"type":"Feature","id":"us2000a82k","geometry":{"type":"Point","coordinates":[103.9112,33.1516]},"properties":{"eventId":"us2000a82k","time":"2017-08-09T00:10:13Z","timestamp":1502237413200,"mag":4.4,"magType":"mb","depthKm":10.0,"place":"169 km SSW of Mawu, China","nearestDam":"碧口水电站","nearestDamKm":118.72,"nearestBasin":"嘉陵江","corridorDistanceKm":118.96,"source":"USGS FDSN Event Web Service","url":"https://earthquake.usgs.gov/earthquakes/eventpage/us2000a82k","updated":1508891883040}},{"type":"Feature","id":"us2000a82j","geometry":{"type":"Point","coordinates":[103.7895,33.2638]},"properties":{"eventId":"us2000a82j","time":"2017-08-09T00:29:05Z","timestamp":1502238545050,"mag":4.8,"magType":"mb","depthKm":10.0,"place":"165 km SW of Mawu, China","nearestDam":"碧口水电站","nearestDamKm":133.63,"nearestBasin":"嘉陵江","corridorDistanceKm":133.88,"source":"USGS FDSN Event Web Service","url":"https://earthquake.usgs.gov/earthquakes/eventpage/us2000a82j","updated":1508891883040}},{"type":"Feature","id":"us2000a82i","geometry":{"type":"Point","coordinates":[103.7684,33.0548]},"properties":{"eventId":"us2000a82i","time":"2017-08-09T01:22:14Z","timestamp":1502241734550,"mag":4.2,"magType":"mb","depthKm":10.0,"place":"168 km NNW of Jiangyou, China","nearestDam":"碧口水电站","nearestDamKm":128.8,"nearestBasin":"嘉陵江","corridorDistanceKm":129.1,"source":"USGS FDSN Event Web Service","url":"https://earthquake.usgs.gov/earthquakes/eventpage/us2000a82i","updated":1508891884040}},{"type":"Feature","id":"us2000a82n","geometry":{"type":"Point","coordinates":[103.6565,33.4902]},"properties":{"eventId":"us2000a82n","time":"2017-08-09T01:32:51Z","timestamp":1502242371880,"mag":4.4,"magType":"mb","depthKm":10.0,"place":"155 km SW of Mawu, China","nearestDam":"碧口水电站","nearestDamKm":155.55,"nearestBasin":"嘉陵江","corridorDistanceKm":155.77,"source":"USGS FDSN Event Web Service","url":"https://earthquake.usgs.gov/earthquakes/eventpage/us2000a82n","updated":1508891884040}},{"type":"Feature","id":"us2000a67c","geometry":{"type":"Point","coordinates":[103.807,33.2437]},"properties":{"eventId":"us2000a67c","time":"2017-08-09T02:17:03Z","timestamp":1502245023920,"mag":4.8,"magType":"mb","depthKm":10.0,"place":"166 km SW of Mawu, China","nearestDam":"碧口水电站","nearestDamKm":131.29,"nearestBasin":"嘉陵江","corridorDistanceKm":131.54,"source":"USGS FDSN Event Web Service","url":"https://earthquake.usgs.gov/earthquakes/eventpage/us2000a67c","updated":1651604427703}},{"type":"Feature","id":"us2000a6lx","geometry":{"type":"Point","coordinates":[103.8816,33.3453]},"properties":{"eventId":"us2000a6lx","time":"2017-08-09T21:05:57Z","timestamp":1502312757870,"mag":4.6,"magType":"mb","depthKm":10.0,"place":"153 km SW of Mawu, China","nearestDam":"碧口水电站","nearestDamKm":129.55,"nearestBasin":"嘉陵江","corridorDistanceKm":129.74,"source":"USGS FDSN Event Web Service","url":"https://earthquake.usgs.gov/earthquakes/eventpage/us2000a6lx","updated":1508891885040}},{"type":"Feature","id":"us2000a8ec","geometry":{"type":"Point","coordinates":[103.7869,33.4554]},"properties":{"eventId":"us2000a8ec","time":"2017-08-10T09:48:37Z","timestamp":1502358517640,"mag":4.1,"magType":"mb","depthKm":10.0,"place":"149 km SW of Mawu, China","nearestDam":"碧口水电站","nearestDamKm":143.1,"nearestBasin":"嘉陵江","corridorDistanceKm":143.27,"source":"USGS FDSN Event Web Service","url":"https://earthquake.usgs.gov/earthquakes/eventpage/us2000a8ec","updated":1508891886040}},{"type":"Feature","id":"us2000abb3","geometry":{"type":"Point","coordinates":[103.8128,33.0454]},"properties":{"eventId":"us2000abb3","time":"2017-08-19T11:52:13Z","timestamp":1503143533470,"mag":4.4,"magType":"mb","depthKm":10.0,"place":"165 km NNW of Jiangyou, China","nearestDam":"碧口水电站","nearestDamKm":124.53,"nearestBasin":"嘉陵江","corridorDistanceKm":124.82,"source":"USGS FDSN Event Web Service","url":"https://earthquake.usgs.gov/earthquakes/eventpage/us2000abb3","updated":1510623735040}},{"type":"Feature","id":"us2000ar16","geometry":{"type":"Point","coordinates":[105.5216,28.9426]},"properties":{"eventId":"us2000ar16","time":"2017-09-11T16:35:08Z","timestamp":1505147708500,"mag":4.3,"magType":"mb","depthKm":37.11,"place":"53 km WNW of Changsha, China","nearestDam":"向家坝水电站","nearestDamKm":114.78,"nearestBasin":"长江—金沙江干流","corridorDistanceKm":7.74,"source":"USGS FDSN Event Web Service","url":"https://earthquake.usgs.gov/earthquakes/eventpage/us2000ar16","updated":1513132178040}},{"type":"Feature","id":"us2000akpn","geometry":{"type":"Point","coordinates":[101.6912,27.9136]},"properties":{"eventId":"us2000akpn","time":"2017-09-12T11:26:45Z","timestamp":1505215605520,"mag":4.7,"magType":"mb","depthKm":32.74,"place":"56 km W of Xichang, China","nearestDam":"官地水电站","nearestDamKm":21.17,"nearestBasin":"雅砻江","corridorDistanceKm":15.42,"source":"USGS FDSN Event Web Service","url":"https://earthquake.usgs.gov/earthquakes/eventpage/us2000akpn","updated":1513132180040}},{"type":"Feature","id":"us2000ax3v","geometry":{"type":"Point","coordinates":[105.0428,32.2813]},"properties":{"eventId":"us2000ax3v","time":"2017-09-30T06:14:36Z","timestamp":1506752076830,"mag":5.1,"magType":"mww","depthKm":10.0,"place":"64 km NNE of Jiangyou, China","nearestDam":"碧口水电站","nearestDamKm":59.42,"nearestBasin":"嘉陵江","corridorDistanceKm":52.13,"source":"USGS FDSN Event Web Service","url":"https://earthquake.usgs.gov/earthquakes/eventpage/us2000ax3v","updated":1659899246329}},{"type":"Feature","id":"us1000arj8","geometry":{"type":"Point","coordinates":[103.7518,33.1791]},"properties":{"eventId":"us1000arj8","time":"2017-10-06T10:25:38Z","timestamp":1507285538580,"mag":4.4,"magType":"mb","depthKm":15.0,"place":"175 km SW of Mawu, China","nearestDam":"碧口水电站","nearestDamKm":133.78,"nearestBasin":"嘉陵江","corridorDistanceKm":134.06,"source":"USGS FDSN Event Web Service","url":"https://earthquake.usgs.gov/earthquakes/eventpage/us1000arj8","updated":1514944488040}},{"type":"Feature","id":"us2000bpme","geometry":{"type":"Point","coordinates":[103.9693,31.1791]},"properties":{"eventId":"us2000bpme","time":"2017-11-06T00:34:13Z","timestamp":1509928453400,"mag":4.3,"magType":"mb","depthKm":20.43,"place":"21 km N of Tianpeng, China","nearestDam":"紫坪铺水利枢纽","nearestDamKm":49.11,"nearestBasin":"岷江","corridorDistanceKm":49.47,"source":"USGS FDSN Event Web Service","url":"https://earthquake.usgs.gov/earthquakes/eventpage/us2000bpme","updated":1517367880040}},{"type":"Feature","id":"us2000bjib","geometry":{"type":"Point","coordinates":[103.7094,33.1937]},"properties":{"eventId":"us2000bjib","time":"2017-11-06T21:31:11Z","timestamp":1510003871080,"mag":4.8,"magType":"mb","depthKm":10.0,"place":"176 km SW of Mawu, China","nearestDam":"碧口水电站","nearestDamKm":138.03,"nearestBasin":"嘉陵江","corridorDistanceKm":138.33,"source":"USGS FDSN Event Web Service","url":"https://earthquake.usgs.gov/earthquakes/eventpage/us2000bjib","updated":1659905532689}},{"type":"Feature","id":"us2000bl9n","geometry":{"type":"Point","coordinates":[104.1405,31.5074]},"properties":{"eventId":"us2000bl9n","time":"2017-11-10T03:03:14Z","timestamp":1510282994840,"mag":4.7,"magType":"mb","depthKm":10.0,"place":"47 km NNW of Deyang, China","nearestDam":"紫坪铺水利枢纽","nearestDamKm":82.85,"nearestBasin":"岷江","corridorDistanceKm":83.12,"source":"USGS FDSN Event Web Service","url":"https://earthquake.usgs.gov/earthquakes/eventpage/us2000bl9n","updated":1517367886040}},{"type":"Feature","id":"us2000bvfz","geometry":{"type":"Point","coordinates":[104.5939,32.0922]},"properties":{"eventId":"us2000bvfz","time":"2017-11-19T01:15:46Z","timestamp":1511054146690,"mag":4.7,"magType":"mb","depthKm":10.0,"place":"37 km NNW of Jiangyou, China","nearestDam":"碧口水电站","nearestDamKm":93.92,"nearestBasin":"嘉陵江","corridorDistanceKm":93.42,"source":"USGS FDSN Event Web Service","url":"https://earthquake.usgs.gov/earthquakes/eventpage/us2000bvfz","updated":1518573662040}},{"type":"Feature","id":"us2000btg4","geometry":{"type":"Point","coordinates":[108.0576,29.3489]},"properties":{"eventId":"us2000btg4","time":"2017-11-23T09:43:34Z","timestamp":1511430214700,"mag":5.1,"magType":"mb","depthKm":10.0,"place":"75 km ESE of Fuling, China","nearestDam":"彭水水电站","nearestDamKm":38.27,"nearestBasin":"乌江","corridorDistanceKm":38.08,"source":"USGS FDSN Event Web Service","url":"https://earthquake.usgs.gov/earthquakes/eventpage/us2000btg4","updated":1654343327371}},{"type":"Feature","id":"us2000d41s","geometry":{"type":"Point","coordinates":[105.192,32.3391]},"properties":{"eventId":"us2000d41s","time":"2018-02-18T03:44:11Z","timestamp":1518925451920,"mag":4.8,"magType":"mb","depthKm":10.0,"place":"60 km W of Guangyuan, China","nearestDam":"宝珠寺水电站","nearestDamKm":44.16,"nearestBasin":"嘉陵江","corridorDistanceKm":38.87,"source":"USGS FDSN Event Web Service","url":"https://earthquake.usgs.gov/earthquakes/eventpage/us2000d41s","updated":1526365754040}},{"type":"Feature","id":"us2000d5bt","geometry":{"type":"Point","coordinates":[100.8439,24.4632]},"properties":{"eventId":"us2000d5bt","time":"2018-02-20T14:09:57Z","timestamp":1519135797890,"mag":4.7,"magType":"mb","depthKm":10.0,"place":"43 km WNW of Jianshui, China","nearestDam":"鲁地拉水电站","nearestDamKm":193.3,"nearestBasin":"长江—金沙江干流","corridorDistanceKm":192.22,"source":"USGS FDSN Event Web Service","url":"https://earthquake.usgs.gov/earthquakes/eventpage/us2000d5bt","updated":1526954419040}},{"type":"Feature","id":"us1000d7ha","geometry":{"type":"Point","coordinates":[108.961,26.6959]},"properties":{"eventId":"us1000d7ha","time":"2018-03-14T23:29:40Z","timestamp":1521070180350,"mag":4.0,"magType":"mb","depthKm":10.0,"place":"23 km SW of Runsong, China","nearestDam":"思林水电站","nearestDamKm":145.44,"nearestBasin":"乌江","corridorDistanceKm":144.81,"source":"USGS FDSN Event Web Service","url":"https://earthquake.usgs.gov/earthquakes/eventpage/us1000d7ha","updated":1528754025040}},{"type":"Feature","id":"us1000d7wa","geometry":{"type":"Point","coordinates":[104.8352,29.6163]},"properties":{"eventId":"us1000d7wa","time":"2018-03-15T06:01:06Z","timestamp":1521093666640,"mag":4.1,"magType":"mb","depthKm":39.99,"place":"18 km S of Chonglong, China","nearestDam":"向家坝水电站","nearestDamKm":116.16,"nearestBasin":"长江—金沙江干流","corridorDistanceKm":74.4,"source":"USGS FDSN Event Web Service","url":"https://earthquake.usgs.gov/earthquakes/eventpage/us1000d7wa","updated":1528754025040}},{"type":"Feature","id":"us1000d82k","geometry":{"type":"Point","coordinates":[104.6884,28.0952]},"properties":{"eventId":"us1000d82k","time":"2018-03-17T19:31:04Z","timestamp":1521315064780,"mag":4.2,"magType":"mb","depthKm":31.79,"place":"39 km S of Xunchang, China","nearestDam":"向家坝水电站","nearestDamKm":67.64,"nearestBasin":"长江—金沙江干流","corridorDistanceKm":67.03,"source":"USGS FDSN Event Web Service","url":"https://earthquake.usgs.gov/earthquakes/eventpage/us1000d82k","updated":1528754030040}},{"type":"Feature","id":"us1000db0f","geometry":{"type":"Point","coordinates":[105.2706,28.8051]},"properties":{"eventId":"us1000db0f","time":"2018-03-25T00:40:37Z","timestamp":1521938437800,"mag":4.3,"magType":"mb","depthKm":10.0,"place":"61 km E of Yibin, China","nearestDam":"向家坝水电站","nearestDamKm":87.34,"nearestBasin":"长江—金沙江干流","corridorDistanceKm":13.4,"source":"USGS FDSN Event Web Service","url":"https://earthquake.usgs.gov/earthquakes/eventpage/us1000db0f","updated":1529372152040}},{"type":"Feature","id":"us1000dc45","geometry":{"type":"Point","coordinates":[103.385,25.7467]},"properties":{"eventId":"us1000dc45","time":"2018-04-01T13:10:11Z","timestamp":1522588211970,"mag":4.1,"magType":"mb","depthKm":10.0,"place":"49 km NW of Qujing, China","nearestDam":"乌东德水电站","nearestDamKm":98.8,"nearestBasin":"长江—金沙江干流","corridorDistanceKm":98.52,"source":"USGS FDSN Event Web Service","url":"https://earthquake.usgs.gov/earthquakes/eventpage/us1000dc45","updated":1529703140040}},{"type":"Feature","id":"us1000dzy2","geometry":{"type":"Point","coordinates":[102.768,28.5838]},"properties":{"eventId":"us1000dzy2","time":"2018-05-01T20:28:45Z","timestamp":1525206525990,"mag":4.3,"magType":"mb","depthKm":10.0,"place":"90 km NNE of Xichang, China","nearestDam":"枕头坝一级水电站","nearestDamKm":77.32,"nearestBasin":"大渡河","corridorDistanceKm":76.94,"source":"USGS FDSN Event Web Service","url":"https://earthquake.usgs.gov/earthquakes/eventpage/us1000dzy2","updated":1532722832040}},{"type":"Feature","id":"us1000e0pd","geometry":{"type":"Point","coordinates":[103.5613,28.2104]},"properties":{"eventId":"us1000e0pd","time":"2018-05-08T15:11:34Z","timestamp":1525792294500,"mag":4.7,"magType":"mb","depthKm":10.0,"place":"100 km N of Zhaotong, China","nearestDam":"溪洛渡水电站","nearestDamKm":9.62,"nearestBasin":"长江—金沙江干流","corridorDistanceKm":5.76,"source":"USGS FDSN Event Web Service","url":"https://earthquake.usgs.gov/earthquakes/eventpage/us1000e0pd","updated":1659928501967}},{"type":"Feature","id":"us1000e67b","geometry":{"type":"Point","coordinates":[99.433,25.0197]},"properties":{"eventId":"us1000e67b","time":"2018-05-16T08:26:01Z","timestamp":1526459161240,"mag":4.3,"magType":"mb","depthKm":10.0,"place":"100 km SW of Dali, China","nearestDam":"鲁地拉水电站","nearestDamKm":191.07,"nearestBasin":"长江—金沙江干流","corridorDistanceKm":189.79,"source":"USGS FDSN Event Web Service","url":"https://earthquake.usgs.gov/earthquakes/eventpage/us1000e67b","updated":1534362413040}},{"type":"Feature","id":"us1000e67v","geometry":{"type":"Point","coordinates":[102.3732,29.4033]},"properties":{"eventId":"us1000e67v","time":"2018-05-16T08:46:14Z","timestamp":1526460374200,"mag":4.6,"magType":"mb","depthKm":10.0,"place":"77 km SSE of Kangding, China","nearestDam":"大岗山水电站","nearestDamKm":15.68,"nearestBasin":"大渡河","corridorDistanceKm":0.22,"source":"USGS FDSN Event Web Service","url":"https://earthquake.usgs.gov/earthquakes/eventpage/us1000e67v","updated":1659929892689}},{"type":"Feature","id":"us1000e7gf","geometry":{"type":"Point","coordinates":[103.8967,27.6167]},"properties":{"eventId":"us1000e7gf","time":"2018-05-17T18:40:32Z","timestamp":1526582432630,"mag":4.2,"magType":"mb","depthKm":10.0,"place":"37 km NNE of Zhaotong, China","nearestDam":"溪洛渡水电站","nearestDamKm":75.5,"nearestBasin":"长江—金沙江干流","corridorDistanceKm":48.21,"source":"USGS FDSN Event Web Service","url":"https://earthquake.usgs.gov/earthquakes/eventpage/us1000e7gf","updated":1534362416040}},{"type":"Feature","id":"us2000fqsd","geometry":{"type":"Point","coordinates":[104.6042,32.2028]},"properties":{"eventId":"us2000fqsd","time":"2018-06-29T00:42:18Z","timestamp":1530232938740,"mag":4.8,"magType":"mb","depthKm":10.0,"place":"49 km NNW of Jiangyou, China","nearestDam":"碧口水电站","nearestDamKm":83.11,"nearestBasin":"嘉陵江","corridorDistanceKm":82.83,"source":"USGS FDSN Event Web Service","url":"https://earthquake.usgs.gov/earthquakes/eventpage/us2000fqsd","updated":1537547158040}},{"type":"Feature","id":"us2000fy3v","geometry":{"type":"Point","coordinates":[103.4208,30.405]},"properties":{"eventId":"us2000fy3v","time":"2018-07-06T05:19:46Z","timestamp":1530854386730,"mag":4.2,"magType":"mb","depthKm":10.0,"place":"4 km WSW of Linqiong, China","nearestDam":"紫坪铺水利枢纽","nearestDamKm":67.37,"nearestBasin":"岷江","corridorDistanceKm":27.69,"source":"USGS FDSN Event Web Service","url":"https://earthquake.usgs.gov/earthquakes/eventpage/us2000fy3v","updated":1538057022040}},{"type":"Feature","id":"us2000g9n5","geometry":{"type":"Point","coordinates":[103.5659,28.0956]},"properties":{"eventId":"us2000g9n5","time":"2018-07-15T21:29:33Z","timestamp":1531690173510,"mag":4.4,"magType":"mb","depthKm":31.74,"place":"87 km N of Zhaotong, China","nearestDam":"溪洛渡水电站","nearestDamKm":19.57,"nearestBasin":"长江—金沙江干流","corridorDistanceKm":0.9,"source":"USGS FDSN Event Web Service","url":"https://earthquake.usgs.gov/earthquakes/eventpage/us2000g9n5","updated":1538498445040}},{"type":"Feature","id":"us2000gbgk","geometry":{"type":"Point","coordinates":[104.5491,29.5219]},"properties":{"eventId":"us2000gbgk","time":"2018-07-22T23:02:03Z","timestamp":1532300523470,"mag":4.7,"magType":"mb","depthKm":10.0,"place":"29 km NW of Zigong, China","nearestDam":"铜街子水电站","nearestDamKm":93.51,"nearestBasin":"大渡河","corridorDistanceKm":44.88,"source":"USGS FDSN Event Web Service","url":"https://earthquake.usgs.gov/earthquakes/eventpage/us2000gbgk","updated":1538662533040}},{"type":"Feature","id":"us1000g6gj","geometry":{"type":"Point","coordinates":[104.0029,27.276]},"properties":{"eventId":"us1000g6gj","time":"2018-08-10T17:17:33Z","timestamp":1533921453520,"mag":4.5,"magType":"mb","depthKm":16.03,"place":"28 km E of Zhaotong, China","nearestDam":"溪洛渡水电站","nearestDamKm":114.75,"nearestBasin":"长江—金沙江干流","corridorDistanceKm":71.27,"source":"USGS FDSN Event Web Service","url":"https://earthquake.usgs.gov/earthquakes/eventpage/us1000g6gj","updated":1539799906040}},{"type":"Feature","id":"us1000g6u8","geometry":{"type":"Point","coordinates":[103.4305,28.772]},"properties":{"eventId":"us1000g6u8","time":"2018-08-11T06:11:32Z","timestamp":1533967892730,"mag":4.4,"magType":"mb","depthKm":10.0,"place":"89 km SW of Luocheng, China","nearestDam":"沙坪二级水电站","nearestDamKm":56.06,"nearestBasin":"大渡河","corridorDistanceKm":52.9,"source":"USGS FDSN Event Web Service","url":"https://earthquake.usgs.gov/earthquakes/eventpage/us1000g6u8","updated":1539799916040}},{"type":"Feature","id":"us1000g9me","geometry":{"type":"Point","coordinates":[103.9975,27.527]},"properties":{"eventId":"us1000g9me","time":"2018-08-15T13:28:13Z","timestamp":1534339693360,"mag":4.8,"magType":"mb","depthKm":10.0,"place":"36 km NE of Zhaotong, China","nearestDam":"溪洛渡水电站","nearestDamKm":88.39,"nearestBasin":"长江—金沙江干流","corridorDistanceKm":61.02,"source":"USGS FDSN Event Web Service","url":"https://earthquake.usgs.gov/earthquakes/eventpage/us1000g9me","updated":1540657323040}},{"type":"Feature","id":"us1000gbnv","geometry":{"type":"Point","coordinates":[104.0108,27.5438]},"properties":{"eventId":"us1000gbnv","time":"2018-08-17T17:36:40Z","timestamp":1534527400150,"mag":4.7,"magType":"mb","depthKm":15.71,"place":"38 km NE of Zhaotong, China","nearestDam":"溪洛渡水电站","nearestDamKm":87.21,"nearestBasin":"长江—金沙江干流","corridorDistanceKm":61.59,"source":"USGS FDSN Event Web Service","url":"https://earthquake.usgs.gov/earthquakes/eventpage/us1000gbnv","updated":1540657325040}},{"type":"Feature","id":"us2000hddm","geometry":{"type":"Point","coordinates":[105.6616,32.7234]},"properties":{"eventId":"us2000hddm","time":"2018-09-12T11:06:34Z","timestamp":1536750394230,"mag":5.0,"magType":"mww","depthKm":10.0,"place":"34 km NNW of Guangyuan, China","nearestDam":"宝珠寺水电站","nearestDamKm":23.18,"nearestBasin":"嘉陵江","corridorDistanceKm":21.19,"source":"USGS FDSN Event Web Service","url":"https://earthquake.usgs.gov/earthquakes/eventpage/us2000hddm","updated":1651607680959}},{"type":"Feature","id":"us1000h3c0","geometry":{"type":"Point","coordinates":[104.4998,29.365]},"properties":{"eventId":"us1000h3c0","time":"2018-09-21T01:51:58Z","timestamp":1537494718380,"mag":4.5,"magType":"mb","depthKm":10.0,"place":"27 km W of Zigong, China","nearestDam":"向家坝水电站","nearestDamKm":80.68,"nearestBasin":"长江—金沙江干流","corridorDistanceKm":34.89,"source":"USGS FDSN Event Web Service","url":"https://earthquake.usgs.gov/earthquakes/eventpage/us1000h3c0","updated":1543333915040}},{"type":"Feature","id":"us1000hdca","geometry":{"type":"Point","coordinates":[110.5166,31.0467]},"properties":{"eventId":"us1000hdca","time":"2018-10-11T07:06:33Z","timestamp":1539241593300,"mag":4.5,"magType":"mb","depthKm":10.0,"place":"82 km WNW of Yichang, China","nearestDam":"三峡大坝","nearestDamKm":52.86,"nearestBasin":"长江—金沙江干流","corridorDistanceKm":34.29,"source":"USGS FDSN Event Web Service","url":"https://earthquake.usgs.gov/earthquakes/eventpage/us1000hdca","updated":1545426954040}},{"type":"Feature","id":"us1000hdce","geometry":{"type":"Point","coordinates":[110.3253,30.9729]},"properties":{"eventId":"us1000hdce","time":"2018-10-11T09:10:04Z","timestamp":1539249004890,"mag":4.3,"magType":"mb","depthKm":10.0,"place":"96 km WNW of Yichang, China","nearestDam":"三峡大坝","nearestDamKm":67.11,"nearestBasin":"长江—金沙江干流","corridorDistanceKm":30.44,"source":"USGS FDSN Event Web Service","url":"https://earthquake.usgs.gov/earthquakes/eventpage/us1000hdce","updated":1545426954040}},{"type":"Feature","id":"us1000hd7x","geometry":{"type":"Point","coordinates":[102.2525,26.1495]},"properties":{"eventId":"us1000hd7x","time":"2018-10-17T05:29:25Z","timestamp":1539754165910,"mag":4.5,"magType":"mb","depthKm":35.0,"place":"70 km SE of Dadukou, China","nearestDam":"乌东德水电站","nearestDamKm":42.76,"nearestBasin":"长江—金沙江干流","corridorDistanceKm":25.88,"source":"USGS FDSN Event Web Service","url":"https://earthquake.usgs.gov/earthquakes/eventpage/us1000hd7x","updated":1545431223040}},{"type":"Feature","id":"us2000i5yx","geometry":{"type":"Point","coordinates":[103.4946,27.9012]},"properties":{"eventId":"us2000i5yx","time":"2018-10-28T00:25:16Z","timestamp":1540686316860,"mag":4.4,"magType":"mb","depthKm":10.0,"place":"68 km NNW of Zhaotong, China","nearestDam":"溪洛渡水电站","nearestDamKm":42.25,"nearestBasin":"长江—金沙江干流","corridorDistanceKm":0.02,"source":"USGS FDSN Event Web Service","url":"https://earthquake.usgs.gov/earthquakes/eventpage/us2000i5yx","updated":1547140724040}},{"type":"Feature","id":"us1000hiqt","geometry":{"type":"Point","coordinates":[103.5462,28.15]},"properties":{"eventId":"us1000hiqt","time":"2018-10-29T21:00:06Z","timestamp":1540846806410,"mag":4.5,"magType":"mb","depthKm":10.0,"place":"93 km N of Zhaotong, China","nearestDam":"溪洛渡水电站","nearestDamKm":15.31,"nearestBasin":"长江—金沙江干流","corridorDistanceKm":4.82,"source":"USGS FDSN Event Web Service","url":"https://earthquake.usgs.gov/earthquakes/eventpage/us1000hiqt","updated":1548080978040}},{"type":"Feature","id":"us2000i4he","geometry":{"type":"Point","coordinates":[102.2196,27.7933]},"properties":{"eventId":"us2000i4he","time":"2018-10-31T08:29:58Z","timestamp":1540974598930,"mag":5.1,"magType":"mb","depthKm":24.3,"place":"12 km SSW of Xichang, China","nearestDam":"官地水电站","nearestDamKm":33.72,"nearestBasin":"雅砻江","corridorDistanceKm":33.72,"source":"USGS FDSN Event Web Service","url":"https://earthquake.usgs.gov/earthquakes/eventpage/us2000i4he","updated":1659951591051}},{"type":"Feature","id":"us2000iu11","geometry":{"type":"Point","coordinates":[105.0128,28.2948]},"properties":{"eventId":"us2000iu11","time":"2018-12-16T04:46:09Z","timestamp":1544935569860,"mag":5.3,"magType":"mww","depthKm":18.6,"place":"34 km ESE of Xunchang, China","nearestDam":"向家坝水电站","nearestDamKm":72.0,"nearestBasin":"长江—金沙江干流","corridorDistanceKm":57.43,"source":"USGS FDSN Event Web Service","url":"https://earthquake.usgs.gov/earthquakes/eventpage/us2000iu11","updated":1651608091510}},{"type":"Feature","id":"us2000izyd","geometry":{"type":"Point","coordinates":[104.9182,28.1902]},"properties":{"eventId":"us2000izyd","time":"2019-01-03T00:48:08Z","timestamp":1546476488370,"mag":4.8,"magType":"mww","depthKm":10.0,"place":"35 km SE of Xunchang, China","nearestDam":"向家坝水电站","nearestDamKm":72.07,"nearestBasin":"长江—金沙江干流","corridorDistanceKm":65.04,"source":"USGS FDSN Event Web Service","url":"https://earthquake.usgs.gov/earthquakes/eventpage/us2000izyd","updated":1594401704618}},{"type":"Feature","id":"us2000j7ax","geometry":{"type":"Point","coordinates":[104.9121,28.2824]},"properties":{"eventId":"us2000j7ax","time":"2019-01-04T07:59:32Z","timestamp":1546588772360,"mag":4.2,"magType":"mb","depthKm":10.0,"place":"27 km SE of Xunchang, China","nearestDam":"向家坝水电站","nearestDamKm":64.8,"nearestBasin":"长江—金沙江干流","corridorDistanceKm":55.28,"source":"USGS FDSN Event Web Service","url":"https://earthquake.usgs.gov/earthquakes/eventpage/us2000j7ax","updated":1552067421040}},{"type":"Feature","id":"us2000j159","geometry":{"type":"Point","coordinates":[99.4683,26.7955]},"properties":{"eventId":"us2000j159","time":"2019-01-07T17:15:44Z","timestamp":1546881344420,"mag":4.5,"magType":"mb","depthKm":10.0,"place":"75 km W of Lijiang, China","nearestDam":"金安桥水电站","nearestDamKm":97.14,"nearestBasin":"长江—金沙江干流","corridorDistanceKm":96.62,"source":"USGS FDSN Event Web Service","url":"https://earthquake.usgs.gov/earthquakes/eventpage/us2000j159","updated":1552067419040}},{"type":"Feature","id":"us2000j8bi","geometry":{"type":"Point","coordinates":[99.2729,28.6268]},"properties":{"eventId":"us2000j8bi","time":"2019-01-08T00:49:28Z","timestamp":1546908568360,"mag":4.1,"magType":"mb","depthKm":10.0,"place":"98 km NNW of Shangri-La, China","nearestDam":"梨园水电站","nearestDamKm":145.13,"nearestBasin":"长江—金沙江干流","corridorDistanceKm":144.95,"source":"USGS FDSN Event Web Service","url":"https://earthquake.usgs.gov/earthquakes/eventpage/us2000j8bi","updated":1554238263040}},{"type":"Feature","id":"us2000j8vt","geometry":{"type":"Point","coordinates":[101.9821,31.4794]},"properties":{"eventId":"us2000j8vt","time":"2019-01-11T09:49:51Z","timestamp":1547200191670,"mag":4.4,"magType":"mb","depthKm":10.0,"place":"163 km N of Kangding, China","nearestDam":"猴子岩水电站","nearestDamKm":103.17,"nearestBasin":"大渡河","corridorDistanceKm":102.6,"source":"USGS FDSN Event Web Service","url":"https://earthquake.usgs.gov/earthquakes/eventpage/us2000j8vt","updated":1554238414040}},{"type":"Feature","id":"us2000jb8l","geometry":{"type":"Point","coordinates":[104.9626,28.1278]},"properties":{"eventId":"us2000jb8l","time":"2019-01-15T15:52:24Z","timestamp":1547567544750,"mag":4.5,"magType":"mb","depthKm":10.0,"place":"43 km SE of Xunchang, China","nearestDam":"向家坝水电站","nearestDamKm":80.07,"nearestBasin":"长江—金沙江干流","corridorDistanceKm":73.01,"source":"USGS FDSN Event Web Service","url":"https://earthquake.usgs.gov/earthquakes/eventpage/us2000jb8l","updated":1554500463040}},{"type":"Feature","id":"us2000jc01","geometry":{"type":"Point","coordinates":[104.9294,29.2806]},"properties":{"eventId":"us2000jc01","time":"2019-01-19T16:38:29Z","timestamp":1547915909250,"mag":4.4,"magType":"mb","depthKm":10.0,"place":"16 km ESE of Zigong, China","nearestDam":"向家坝水电站","nearestDamKm":87.78,"nearestBasin":"长江—金沙江干流","corridorDistanceKm":47.44,"source":"USGS FDSN Event Web Service","url":"https://earthquake.usgs.gov/earthquakes/eventpage/us2000jc01","updated":1554500464040}},{"type":"Feature","id":"us2000jc0m","geometry":{"type":"Point","coordinates":[103.4517,31.0452]},"properties":{"eventId":"us2000jc0m","time":"2019-01-20T00:35:51Z","timestamp":1547944551450,"mag":4.1,"magType":"mb","depthKm":10.0,"place":"47 km W of Tianpeng, China","nearestDam":"紫坪铺水利枢纽","nearestDamKm":5.81,"nearestBasin":"岷江","corridorDistanceKm":5.82,"source":"USGS FDSN Event Web Service","url":"https://earthquake.usgs.gov/earthquakes/eventpage/us2000jc0m","updated":1554500464040}},{"type":"Feature","id":"us2000jdmn","geometry":{"type":"Point","coordinates":[105.2273,28.9089]},"properties":{"eventId":"us2000jdmn","time":"2019-01-21T13:37:30Z","timestamp":1548077850740,"mag":4.3,"magType":"mb","depthKm":10.0,"place":"59 km ENE of Yibin, China","nearestDam":"向家坝水电站","nearestDamKm":86.38,"nearestBasin":"长江—金沙江干流","corridorDistanceKm":1.18,"source":"USGS FDSN Event Web Service","url":"https://earthquake.usgs.gov/earthquakes/eventpage/us2000jdmn","updated":1554500465040}},{"type":"Feature","id":"us2000jc5g","geometry":{"type":"Point","coordinates":[100.8861,27.3105]},"properties":{"eventId":"us2000jc5g","time":"2019-02-01T21:26:10Z","timestamp":1549056370210,"mag":4.3,"magType":"mb","depthKm":10.0,"place":"82 km NE of Lijiang, China","nearestDam":"阿海水电站","nearestDamKm":37.83,"nearestBasin":"长江—金沙江干流","corridorDistanceKm":37.83,"source":"USGS FDSN Event Web Service","url":"https://earthquake.usgs.gov/earthquakes/eventpage/us2000jc5g","updated":1555614569040}},{"type":"Feature","id":"us2000jm6f","geometry":{"type":"Point","coordinates":[104.5382,29.497]},"properties":{"eventId":"us2000jm6f","time":"2019-02-23T21:38:10Z","timestamp":1550957890120,"mag":4.9,"magType":"mb","depthKm":10.0,"place":"28 km NW of Zigong, China","nearestDam":"铜街子水电站","nearestDamKm":91.67,"nearestBasin":"大渡河","corridorDistanceKm":43.01,"source":"USGS FDSN Event Web Service","url":"https://earthquake.usgs.gov/earthquakes/eventpage/us2000jm6f","updated":1766426639259}},{"type":"Feature","id":"us2000jmlw","geometry":{"type":"Point","coordinates":[104.5609,29.4709]},"properties":{"eventId":"us2000jmlw","time":"2019-02-25T00:40:27Z","timestamp":1551055227400,"mag":4.6,"magType":"mb","depthKm":10.0,"place":"25 km NW of Zigong, China","nearestDam":"铜街子水电站","nearestDamKm":93.01,"nearestBasin":"大渡河","corridorDistanceKm":44.19,"source":"USGS FDSN Event Web Service","url":"https://earthquake.usgs.gov/earthquakes/eventpage/us2000jmlw","updated":1557596451040}},{"type":"Feature","id":"us2000jmpz","geometry":{"type":"Point","coordinates":[104.6093,29.4699]},"properties":{"eventId":"us2000jmpz","time":"2019-02-25T05:15:59Z","timestamp":1551071759850,"mag":4.9,"magType":"mb","depthKm":10.0,"place":"21 km NW of Zigong, China","nearestDam":"向家坝水电站","nearestDamKm":94.04,"nearestBasin":"长江—金沙江干流","corridorDistanceKm":48.59,"source":"USGS FDSN Event Web Service","url":"https://earthquake.usgs.gov/earthquakes/eventpage/us2000jmpz","updated":1594401995650}},{"type":"Feature","id":"us2000k8mt","geometry":{"type":"Point","coordinates":[110.1632,30.9334]},"properties":{"eventId":"us2000k8mt","time":"2019-03-24T15:17:14Z","timestamp":1553440634110,"mag":4.1,"magType":"mb","depthKm":14.71,"place":"95 km NE of Enshi, China","nearestDam":"三峡大坝","nearestDamKm":81.46,"nearestBasin":"长江—金沙江干流","corridorDistanceKm":29.65,"source":"USGS FDSN Event Web Service","url":"https://earthquake.usgs.gov/earthquakes/eventpage/us2000k8mt","updated":1559847264040}},{"type":"Feature","id":"us2000k8bn","geometry":{"type":"Point","coordinates":[101.8926,32.2365]},"properties":{"eventId":"us2000k8bn","time":"2019-04-01T03:11:10Z","timestamp":1554088270717,"mag":4.5,"magType":"mb","depthKm":10.0,"place":"238 km NW of Tianpeng, China","nearestDam":"猴子岩水电站","nearestDamKm":187.75,"nearestBasin":"大渡河","corridorDistanceKm":186.72,"source":"USGS FDSN Event Web Service","url":"https://earthquake.usgs.gov/earthquakes/eventpage/us2000k8bn","updated":1560027090040}},{"type":"Feature","id":"us700037nh","geometry":{"type":"Point","coordinates":[103.6606,28.1288]},"properties":{"eventId":"us700037nh","time":"2019-04-09T19:51:56Z","timestamp":1554839516538,"mag":4.3,"magType":"mb","depthKm":35.0,"place":"90 km N of Zhaotong, China","nearestDam":"溪洛渡水电站","nearestDamKm":14.44,"nearestBasin":"长江—金沙江干流","corridorDistanceKm":6.56,"source":"USGS FDSN Event Web Service","url":"https://earthquake.usgs.gov/earthquakes/eventpage/us700037nh","updated":1561057389040}},{"type":"Feature","id":"us70003bf3","geometry":{"type":"Point","coordinates":[103.4269,28.308]},"properties":{"eventId":"us70003bf3","time":"2019-04-24T15:55:29Z","timestamp":1556121329327,"mag":4.5,"magType":"mb","depthKm":10.0,"place":"113 km NNW of Zhaotong, China","nearestDam":"溪洛渡水电站","nearestDamKm":21.93,"nearestBasin":"长江—金沙江干流","corridorDistanceKm":21.92,"source":"USGS FDSN Event Web Service","url":"https://earthquake.usgs.gov/earthquakes/eventpage/us70003bf3","updated":1563043357040}},{"type":"Feature","id":"us70003cmh","geometry":{"type":"Point","coordinates":[104.873,28.2082]},"properties":{"eventId":"us70003cmh","time":"2019-04-26T17:19:12Z","timestamp":1556299152978,"mag":4.3,"magType":"mb","depthKm":10.0,"place":"31 km SSE of Xunchang, China","nearestDam":"向家坝水电站","nearestDamKm":67.54,"nearestBasin":"长江—金沙江干流","corridorDistanceKm":61.63,"source":"USGS FDSN Event Web Service","url":"https://earthquake.usgs.gov/earthquakes/eventpage/us70003cmh","updated":1563043361040}},{"type":"Feature","id":"us70003fk8","geometry":{"type":"Point","coordinates":[103.1619,30.4709]},"properties":{"eventId":"us70003fk8","time":"2019-05-02T07:57:58Z","timestamp":1556783878857,"mag":4.7,"magType":"mb","depthKm":10.0,"place":"29 km WNW of Linqiong, China","nearestDam":"紫坪铺水利枢纽","nearestDamKm":67.59,"nearestBasin":"岷江","corridorDistanceKm":49.07,"source":"USGS FDSN Event Web Service","url":"https://earthquake.usgs.gov/earthquakes/eventpage/us70003fk8","updated":1564080847040}},{"type":"Feature","id":"usd0009i8f","geometry":{"type":"Point","coordinates":[103.603,28.1354]},"properties":{"eventId":"usd0009i8f","time":"2019-05-15T20:33:33Z","timestamp":1557952413555,"mag":4.9,"magType":"mb","depthKm":10.0,"place":"91 km N of Zhaotong, China","nearestDam":"溪洛渡水电站","nearestDamKm":14.17,"nearestBasin":"长江—金沙江干流","corridorDistanceKm":0.99,"source":"USGS FDSN Event Web Service","url":"https://earthquake.usgs.gov/earthquakes/eventpage/usd0009i8f","updated":1659966272251}},{"type":"Feature","id":"us70003vp1","geometry":{"type":"Point","coordinates":[103.6451,28.1508]},"properties":{"eventId":"us70003vp1","time":"2019-06-05T07:27:01Z","timestamp":1559719621098,"mag":4.4,"magType":"mb","depthKm":33.9,"place":"92 km N of Zhaotong, China","nearestDam":"溪洛渡水电站","nearestDamKm":11.89,"nearestBasin":"长江—金沙江干流","corridorDistanceKm":4.28,"source":"USGS FDSN Event Web Service","url":"https://earthquake.usgs.gov/earthquakes/eventpage/us70003vp1","updated":1566928054040}},{"type":"Feature","id":"us600041ry","geometry":{"type":"Point","coordinates":[104.9333,28.4056]},"properties":{"eventId":"us600041ry","time":"2019-06-17T14:55:44Z","timestamp":1560783344876,"mag":5.8,"magType":"mww","depthKm":6.0,"place":"22 km ESE of Xunchang, China","nearestDam":"向家坝水电站","nearestDamKm":59.09,"nearestBasin":"长江—金沙江干流","corridorDistanceKm":43.25,"source":"USGS FDSN Event Web Service","url":"https://earthquake.usgs.gov/earthquakes/eventpage/us600041ry","updated":1766426085246}},{"type":"Feature","id":"us600045s4","geometry":{"type":"Point","coordinates":[104.7703,28.4109]},"properties":{"eventId":"us600045s4","time":"2019-06-17T15:02:37Z","timestamp":1560783757456,"mag":4.9,"magType":"mb","depthKm":10.0,"place":"7 km SE of Xunchang, China","nearestDam":"向家坝水电站","nearestDamKm":45.11,"nearestBasin":"长江—金沙江干流","corridorDistanceKm":37.14,"source":"USGS FDSN Event Web Service","url":"https://earthquake.usgs.gov/earthquakes/eventpage/us600045s4","updated":1567779930040}},{"type":"Feature","id":"us600045rc","geometry":{"type":"Point","coordinates":[104.8033,28.3058]},"properties":{"eventId":"us600045rc","time":"2019-06-17T15:03:08Z","timestamp":1560783788327,"mag":4.9,"magType":"mb","depthKm":10.0,"place":"18 km SSE of Xunchang, China","nearestDam":"向家坝水电站","nearestDamKm":55.05,"nearestBasin":"长江—金沙江干流","corridorDistanceKm":49.14,"source":"USGS FDSN Event Web Service","url":"https://earthquake.usgs.gov/earthquakes/eventpage/us600045rc","updated":1567779929040}},{"type":"Feature","id":"us600045rb","geometry":{"type":"Point","coordinates":[104.8859,28.3913]},"properties":{"eventId":"us600045rb","time":"2019-06-17T15:09:02Z","timestamp":1560784142512,"mag":4.6,"magType":"mb","depthKm":10.0,"place":"18 km ESE of Xunchang, China","nearestDam":"向家坝水电站","nearestDamKm":55.79,"nearestBasin":"长江—金沙江干流","corridorDistanceKm":43.11,"source":"USGS FDSN Event Web Service","url":"https://earthquake.usgs.gov/earthquakes/eventpage/us600045rb","updated":1567779929040}},{"type":"Feature","id":"us600045rd","geometry":{"type":"Point","coordinates":[104.9682,28.4474]},"properties":{"eventId":"us600045rd","time":"2019-06-17T15:23:30Z","timestamp":1560785010013,"mag":4.4,"magType":"mb","depthKm":10.0,"place":"24 km E of Xunchang, China","nearestDam":"向家坝水电站","nearestDamKm":60.29,"nearestBasin":"长江—金沙江干流","corridorDistanceKm":40.11,"source":"USGS FDSN Event Web Service","url":"https://earthquake.usgs.gov/earthquakes/eventpage/us600045rd","updated":1567779929040}},{"type":"Feature","id":"us600041sa","geometry":{"type":"Point","coordinates":[104.8739,28.4397]},"properties":{"eventId":"us600041sa","time":"2019-06-17T15:36:02Z","timestamp":1560785762681,"mag":5.1,"magType":"mww","depthKm":10.0,"place":"15 km E of Xunchang, China","nearestDam":"向家坝水电站","nearestDamKm":52.2,"nearestBasin":"长江—金沙江干流","corridorDistanceKm":37.69,"source":"USGS FDSN Event Web Service","url":"https://earthquake.usgs.gov/earthquakes/eventpage/us600041sa","updated":1766427089910}},{"type":"Feature","id":"us600045rm","geometry":{"type":"Point","coordinates":[104.8323,28.317]},"properties":{"eventId":"us600045rm","time":"2019-06-17T15:41:37Z","timestamp":1560786097734,"mag":4.7,"magType":"mb","depthKm":10.0,"place":"19 km SE of Xunchang, China","nearestDam":"向家坝水电站","nearestDamKm":56.32,"nearestBasin":"长江—金沙江干流","corridorDistanceKm":48.97,"source":"USGS FDSN Event Web Service","url":"https://earthquake.usgs.gov/earthquakes/eventpage/us600045rm","updated":1567779930040}},{"type":"Feature","id":"us600041sv","geometry":{"type":"Point","coordinates":[104.9192,28.4923]},"properties":{"eventId":"us600041sv","time":"2019-06-17T16:29:08Z","timestamp":1560788948680,"mag":4.7,"magType":"mb","depthKm":10.0,"place":"20 km ENE of Xunchang, China","nearestDam":"向家坝水电站","nearestDamKm":54.08,"nearestBasin":"长江—金沙江干流","corridorDistanceKm":33.79,"source":"USGS FDSN Event Web Service","url":"https://earthquake.usgs.gov/earthquakes/eventpage/us600041sv","updated":1567779918040}},{"type":"Feature","id":"us600041t4","geometry":{"type":"Point","coordinates":[104.9579,28.4538]},"properties":{"eventId":"us600041t4","time":"2019-06-17T16:37:56Z","timestamp":1560789476120,"mag":4.9,"magType":"mb","depthKm":10.0,"place":"23 km E of Xunchang, China","nearestDam":"向家坝水电站","nearestDamKm":59.1,"nearestBasin":"长江—金沙江干流","corridorDistanceKm":39.1,"source":"USGS FDSN Event Web Service","url":"https://earthquake.usgs.gov/earthquakes/eventpage/us600041t4","updated":1766427084805}},{"type":"Feature","id":"us600045rr","geometry":{"type":"Point","coordinates":[105.0455,28.3897]},"properties":{"eventId":"us600045rr","time":"2019-06-17T16:39:11Z","timestamp":1560789551439,"mag":4.6,"magType":"mb","depthKm":10.0,"place":"33 km ESE of Xunchang, China","nearestDam":"向家坝水电站","nearestDamKm":69.75,"nearestBasin":"长江—金沙江干流","corridorDistanceKm":48.72,"source":"USGS FDSN Event Web Service","url":"https://earthquake.usgs.gov/earthquakes/eventpage/us600045rr","updated":1594402299916}},{"type":"Feature","id":"us6000422t","geometry":{"type":"Point","coordinates":[104.9271,28.4658]},"properties":{"eventId":"us6000422t","time":"2019-06-17T21:03:26Z","timestamp":1560805406432,"mag":4.9,"magType":"mb","depthKm":10.0,"place":"20 km E of Xunchang, China","nearestDam":"向家坝水电站","nearestDamKm":55.81,"nearestBasin":"长江—金沙江干流","corridorDistanceKm":36.8,"source":"USGS FDSN Event Web Service","url":"https://earthquake.usgs.gov/earthquakes/eventpage/us6000422t","updated":1567779918040}},{"type":"Feature","id":"us600045ru","geometry":{"type":"Point","coordinates":[105.0388,29.9324]},"properties":{"eventId":"us600045ru","time":"2019-06-17T21:49:25Z","timestamp":1560808165124,"mag":4.4,"magType":"mb","depthKm":10.0,"place":"24 km NE of Chonglong, China","nearestDam":"草街航电枢纽","nearestDamKm":130.12,"nearestBasin":"嘉陵江","corridorDistanceKm":104.01,"source":"USGS FDSN Event Web Service","url":"https://earthquake.usgs.gov/earthquakes/eventpage/us600045ru","updated":1567779930040}},{"type":"Feature","id":"us6000425j","geometry":{"type":"Point","coordinates":[104.9852,28.3995]},"properties":{"eventId":"us6000425j","time":"2019-06-17T23:34:34Z","timestamp":1560814474333,"mag":4.7,"magType":"mww","depthKm":10.0,"place":"27 km ESE of Xunchang, China","nearestDam":"向家坝水电站","nearestDamKm":63.94,"nearestBasin":"长江—金沙江干流","corridorDistanceKm":45.65,"source":"USGS FDSN Event Web Service","url":"https://earthquake.usgs.gov/earthquakes/eventpage/us6000425j","updated":1659968072156}},{"type":"Feature","id":"us700048dh","geometry":{"type":"Point","coordinates":[104.7354,28.4087]},"properties":{"eventId":"us700048dh","time":"2019-06-18T06:38:36Z","timestamp":1560839916947,"mag":4.3,"magType":"mb","depthKm":10.0,"place":"5 km SSE of Xunchang, China","nearestDam":"向家坝水电站","nearestDamKm":42.52,"nearestBasin":"长江—金沙江干流","corridorDistanceKm":36.17,"source":"USGS FDSN Event Web Service","url":"https://earthquake.usgs.gov/earthquakes/eventpage/us700048dh","updated":1568215145040}},{"type":"Feature","id":"us700048dz","geometry":{"type":"Point","coordinates":[104.7872,28.3768]},"properties":{"eventId":"us700048dz","time":"2019-06-18T10:53:58Z","timestamp":1560855238941,"mag":4.4,"magType":"mb","depthKm":10.0,"place":"11 km SE of Xunchang, China","nearestDam":"向家坝水电站","nearestDamKm":48.7,"nearestBasin":"长江—金沙江干流","corridorDistanceKm":41.24,"source":"USGS FDSN Event Web Service","url":"https://earthquake.usgs.gov/earthquakes/eventpage/us700048dz","updated":1568215146040}},{"type":"Feature","id":"us700046pd","geometry":{"type":"Point","coordinates":[104.7599,27.5747]},"properties":{"eventId":"us700046pd","time":"2019-06-20T12:58:41Z","timestamp":1561035521238,"mag":4.2,"magType":"mb","depthKm":10.0,"place":"60 km WNW of Bijie, China","nearestDam":"向家坝水电站","nearestDamKm":124.36,"nearestBasin":"长江—金沙江干流","corridorDistanceKm":120.4,"source":"USGS FDSN Event Web Service","url":"https://earthquake.usgs.gov/earthquakes/eventpage/us700046pd","updated":1568215160040}},{"type":"Feature","id":"us700046q7","geometry":{"type":"Point","coordinates":[104.6388,28.3463]},"properties":{"eventId":"us700046q7","time":"2019-06-20T22:56:49Z","timestamp":1561071409061,"mag":4.4,"magType":"mb","depthKm":10.0,"place":"14 km SSW of Xunchang, China","nearestDam":"向家坝水电站","nearestDamKm":41.0,"nearestBasin":"长江—金沙江干流","corridorDistanceKm":39.34,"source":"USGS FDSN Event Web Service","url":"https://earthquake.usgs.gov/earthquakes/eventpage/us700046q7","updated":1568215162040}},{"type":"Feature","id":"us600044mq","geometry":{"type":"Point","coordinates":[104.8105,28.3946]},"properties":{"eventId":"us600044mq","time":"2019-06-22T14:29:56Z","timestamp":1561213796148,"mag":5.3,"magType":"mww","depthKm":10.0,"place":"11 km SE of Xunchang, China","nearestDam":"向家坝水电站","nearestDamKm":49.37,"nearestBasin":"长江—金沙江干流","corridorDistanceKm":40.2,"source":"USGS FDSN Event Web Service","url":"https://earthquake.usgs.gov/earthquakes/eventpage/us600044mq","updated":1766427113204}},{"type":"Feature","id":"us700046tu","geometry":{"type":"Point","coordinates":[104.7626,28.3651]},"properties":{"eventId":"us700046tu","time":"2019-06-22T21:08:24Z","timestamp":1561237704788,"mag":4.4,"magType":"mb","depthKm":10.0,"place":"10 km SSE of Xunchang, China","nearestDam":"向家坝水电站","nearestDamKm":47.67,"nearestBasin":"长江—金沙江干流","corridorDistanceKm":41.62,"source":"USGS FDSN Event Web Service","url":"https://earthquake.usgs.gov/earthquakes/eventpage/us700046tu","updated":1568215173040}},{"type":"Feature","id":"us600044qx","geometry":{"type":"Point","coordinates":[104.8907,28.4741]},"properties":{"eventId":"us600044qx","time":"2019-06-23T00:28:18Z","timestamp":1561249698591,"mag":4.9,"magType":"mb","depthKm":10.0,"place":"17 km E of Xunchang, China","nearestDam":"向家坝水电站","nearestDamKm":52.16,"nearestBasin":"长江—金沙江干流","corridorDistanceKm":34.7,"source":"USGS FDSN Event Web Service","url":"https://earthquake.usgs.gov/earthquakes/eventpage/us600044qx","updated":1568215173040}},{"type":"Feature","id":"us600044yj","geometry":{"type":"Point","coordinates":[105.0694,29.9325]},"properties":{"eventId":"us600044yj","time":"2019-06-23T23:35:08Z","timestamp":1561332908596,"mag":4.6,"magType":"mb","depthKm":10.0,"place":"26 km NE of Chonglong, China","nearestDam":"草街航电枢纽","nearestDamKm":127.17,"nearestBasin":"嘉陵江","corridorDistanceKm":106.81,"source":"USGS FDSN Event Web Service","url":"https://earthquake.usgs.gov/earthquakes/eventpage/us600044yj","updated":1568215179040}},{"type":"Feature","id":"us600044z8","geometry":{"type":"Point","coordinates":[104.7762,28.4861]},"properties":{"eventId":"us600044z8","time":"2019-06-24T01:23:16Z","timestamp":1561339396639,"mag":4.6,"magType":"mb","depthKm":10.0,"place":"6 km ENE of Xunchang, China","nearestDam":"向家坝水电站","nearestDamKm":41.35,"nearestBasin":"长江—金沙江干流","corridorDistanceKm":29.55,"source":"USGS FDSN Event Web Service","url":"https://earthquake.usgs.gov/earthquakes/eventpage/us600044z8","updated":1568215179040}},{"type":"Feature","id":"us6000457x","geometry":{"type":"Point","coordinates":[101.5906,25.0092]},"properties":{"eventId":"us6000457x","time":"2019-06-24T13:24:22Z","timestamp":1561382662548,"mag":4.8,"magType":"mb","depthKm":10.0,"place":"68 km WNW of Longquan, China","nearestDam":"鲁地拉水电站","nearestDamKm":153.63,"nearestBasin":"长江—金沙江干流","corridorDistanceKm":152.91,"source":"USGS FDSN Event Web Service","url":"https://earthquake.usgs.gov/earthquakes/eventpage/us6000457x","updated":1568215182040}},{"type":"Feature","id":"us700049z4","geometry":{"type":"Point","coordinates":[104.8604,28.5165]},"properties":{"eventId":"us700049z4","time":"2019-06-25T16:33:19Z","timestamp":1561480399154,"mag":4.5,"magType":"mb","depthKm":10.0,"place":"15 km ENE of Xunchang, China","nearestDam":"向家坝水电站","nearestDamKm":47.78,"nearestBasin":"长江—金沙江干流","corridorDistanceKm":29.28,"source":"USGS FDSN Event Web Service","url":"https://earthquake.usgs.gov/earthquakes/eventpage/us700049z4","updated":1568477311040}},{"type":"Feature","id":"us700049zj","geometry":{"type":"Point","coordinates":[104.7096,28.5055]},"properties":{"eventId":"us700049zj","time":"2019-06-25T16:33:40Z","timestamp":1561480420875,"mag":4.7,"magType":"mb","depthKm":10.0,"place":"5 km N of Xunchang, China","nearestDam":"向家坝水电站","nearestDamKm":34.56,"nearestBasin":"长江—金沙江干流","corridorDistanceKm":25.27,"source":"USGS FDSN Event Web Service","url":"https://earthquake.usgs.gov/earthquakes/eventpage/us700049zj","updated":1568477311040}},{"type":"Feature","id":"us70004gu6","geometry":{"type":"Point","coordinates":[104.7767,28.4168]},"properties":{"eventId":"us70004gu6","time":"2019-06-30T13:32:31Z","timestamp":1561901551105,"mag":4.3,"magType":"mb","depthKm":10.0,"place":"7 km SE of Xunchang, China","nearestDam":"向家坝水电站","nearestDamKm":45.25,"nearestBasin":"长江—金沙江干流","corridorDistanceKm":36.74,"source":"USGS FDSN Event Web Service","url":"https://earthquake.usgs.gov/earthquakes/eventpage/us70004gu6","updated":1568477317040}},{"type":"Feature","id":"us7000492k","geometry":{"type":"Point","coordinates":[104.9176,28.3847]},"properties":{"eventId":"us7000492k","time":"2019-07-03T04:26:54Z","timestamp":1562128014116,"mag":4.8,"magType":"mww","depthKm":10.0,"place":"21 km ESE of Xunchang, China","nearestDam":"向家坝水电站","nearestDamKm":58.84,"nearestBasin":"长江—金沙江干流","corridorDistanceKm":44.88,"source":"USGS FDSN Event Web Service","url":"https://earthquake.usgs.gov/earthquakes/eventpage/us7000492k","updated":1569508203040}},{"type":"Feature","id":"us70004iyh","geometry":{"type":"Point","coordinates":[104.8733,28.4031]},"properties":{"eventId":"us70004iyh","time":"2019-07-03T22:45:20Z","timestamp":1562193920724,"mag":4.2,"magType":"mb","depthKm":10.0,"place":"16 km ESE of Xunchang, China","nearestDam":"向家坝水电站","nearestDamKm":54.06,"nearestBasin":"长江—金沙江干流","corridorDistanceKm":41.46,"source":"USGS FDSN Event Web Service","url":"https://earthquake.usgs.gov/earthquakes/eventpage/us70004iyh","updated":1569508264040}},{"type":"Feature","id":"us700049qz","geometry":{"type":"Point","coordinates":[104.8396,28.4885]},"properties":{"eventId":"us700049qz","time":"2019-07-04T02:17:58Z","timestamp":1562206678120,"mag":5.1,"magType":"mww","depthKm":10.0,"place":"12 km ENE of Xunchang, China","nearestDam":"向家坝水电站","nearestDamKm":46.92,"nearestBasin":"长江—金沙江干流","corridorDistanceKm":31.47,"source":"USGS FDSN Event Web Service","url":"https://earthquake.usgs.gov/earthquakes/eventpage/us700049qz","updated":1766427158758}},{"type":"Feature","id":"us70004mdg","geometry":{"type":"Point","coordinates":[104.8509,28.1516]},"properties":{"eventId":"us70004mdg","time":"2019-07-07T16:37:39Z","timestamp":1562517459738,"mag":4.5,"magType":"mb","depthKm":10.0,"place":"36 km SSE of Xunchang, China","nearestDam":"向家坝水电站","nearestDamKm":70.83,"nearestBasin":"长江—金沙江干流","corridorDistanceKm":66.74,"source":"USGS FDSN Event Web Service","url":"https://earthquake.usgs.gov/earthquakes/eventpage/us70004mdg","updated":1569508270040}},{"type":"Feature","id":"us70004q16","geometry":{"type":"Point","coordinates":[100.7307,26.2639]},"properties":{"eventId":"us70004q16","time":"2019-07-21T12:23:29Z","timestamp":1563711809873,"mag":4.8,"magType":"mb","depthKm":10.0,"place":"84 km SE of Lijiang, China","nearestDam":"鲁地拉水电站","nearestDamKm":11.02,"nearestBasin":"长江—金沙江干流","corridorDistanceKm":0.61,"source":"USGS FDSN Event Web Service","url":"https://earthquake.usgs.gov/earthquakes/eventpage/us70004q16","updated":1766426102863}},{"type":"Feature","id":"us70004qei","geometry":{"type":"Point","coordinates":[104.8904,28.3497]},"properties":{"eventId":"us70004qei","time":"2019-07-22T08:26:37Z","timestamp":1563783997470,"mag":4.7,"magType":"mb","depthKm":10.0,"place":"20 km SE of Xunchang, China","nearestDam":"向家坝水电站","nearestDamKm":58.64,"nearestBasin":"长江—金沙江干流","corridorDistanceKm":47.57,"source":"USGS FDSN Event Web Service","url":"https://earthquake.usgs.gov/earthquakes/eventpage/us70004qei","updated":1570207056040}},{"type":"Feature","id":"us60004y1v","geometry":{"type":"Point","coordinates":[104.641,28.2136]},"properties":{"eventId":"us60004y1v","time":"2019-07-23T14:25:24Z","timestamp":1563891924486,"mag":4.5,"magType":"mb","depthKm":10.0,"place":"27 km SSW of Xunchang, China","nearestDam":"向家坝水电站","nearestDamKm":53.77,"nearestBasin":"长江—金沙江干流","corridorDistanceKm":53.15,"source":"USGS FDSN Event Web Service","url":"https://earthquake.usgs.gov/earthquakes/eventpage/us60004y1v","updated":1570824743040}},{"type":"Feature","id":"us60004x33","geometry":{"type":"Point","coordinates":[104.784,28.2749]},"properties":{"eventId":"us60004x33","time":"2019-07-29T17:04:35Z","timestamp":1564419875745,"mag":4.5,"magType":"mb","depthKm":10.0,"place":"21 km SSE of Xunchang, China","nearestDam":"向家坝水电站","nearestDamKm":56.16,"nearestBasin":"长江—金沙江干流","corridorDistanceKm":51.69,"source":"USGS FDSN Event Web Service","url":"https://earthquake.usgs.gov/earthquakes/eventpage/us60004x33","updated":1570824769040}},{"type":"Feature","id":"us600054ap","geometry":{"type":"Point","coordinates":[104.954,28.4127]},"properties":{"eventId":"us600054ap","time":"2019-08-12T22:31:54Z","timestamp":1565649114894,"mag":4.7,"magType":"mb","depthKm":10.0,"place":"23 km E of Xunchang, China","nearestDam":"向家坝水电站","nearestDamKm":60.56,"nearestBasin":"长江—金沙江干流","corridorDistanceKm":43.22,"source":"USGS FDSN Event Web Service","url":"https://earthquake.usgs.gov/earthquakes/eventpage/us600054ap","updated":1572381250040}},{"type":"Feature","id":"us70005cw8","geometry":{"type":"Point","coordinates":[105.2535,28.4144]},"properties":{"eventId":"us70005cw8","time":"2019-09-02T19:02:55Z","timestamp":1567450975383,"mag":4.2,"magType":"mb","depthKm":10.0,"place":"52 km E of Xunchang, China","nearestDam":"向家坝水电站","nearestDamKm":87.85,"nearestBasin":"长江—金沙江干流","corridorDistanceKm":53.27,"source":"USGS FDSN Event Web Service","url":"https://earthquake.usgs.gov/earthquakes/eventpage/us70005cw8","updated":1573838522040}},{"type":"Feature","id":"us70005cng","geometry":{"type":"Point","coordinates":[104.7746,28.6904]},"properties":{"eventId":"us70005cng","time":"2019-09-06T07:25:36Z","timestamp":1567754736304,"mag":4.6,"magType":"mb","depthKm":10.0,"place":"15 km ESE of Yibin, China","nearestDam":"向家坝水电站","nearestDamKm":37.51,"nearestBasin":"长江—金沙江干流","corridorDistanceKm":8.35,"source":"USGS FDSN Event Web Service","url":"https://earthquake.usgs.gov/earthquakes/eventpage/us70005cng","updated":1575142628040}},{"type":"Feature","id":"us70005dar","geometry":{"type":"Point","coordinates":[104.9309,29.5295]},"properties":{"eventId":"us70005dar","time":"2019-09-07T22:42:14Z","timestamp":1567896134817,"mag":5.0,"magType":"mww","depthKm":10.0,"place":"14 km WSW of Neijiang, China","nearestDam":"向家坝水电站","nearestDamKm":111.31,"nearestBasin":"长江—金沙江干流","corridorDistanceKm":73.14,"source":"USGS FDSN Event Web Service","url":"https://earthquake.usgs.gov/earthquakes/eventpage/us70005dar","updated":1766427364886}},{"type":"Feature","id":"us70005dbp","geometry":{"type":"Point","coordinates":[104.5995,29.4776]},"properties":{"eventId":"us70005dbp","time":"2019-09-08T02:36:22Z","timestamp":1567910182936,"mag":4.9,"magType":"mb","depthKm":10.0,"place":"22 km NW of Zigong, China","nearestDam":"向家坝水电站","nearestDamKm":94.67,"nearestBasin":"长江—金沙江干流","corridorDistanceKm":47.96,"source":"USGS FDSN Event Web Service","url":"https://earthquake.usgs.gov/earthquakes/eventpage/us70005dbp","updated":1575142610040}},{"type":"Feature","id":"us70005m6b","geometry":{"type":"Point","coordinates":[104.8154,28.6523]},"properties":{"eventId":"us70005m6b","time":"2019-09-12T12:17:56Z","timestamp":1568290676940,"mag":4.5,"magType":"mb","depthKm":10.0,"place":"20 km SE of Yibin, China","nearestDam":"向家坝水电站","nearestDamKm":41.17,"nearestBasin":"长江—金沙江干流","corridorDistanceKm":13.69,"source":"USGS FDSN Event Web Service","url":"https://earthquake.usgs.gov/earthquakes/eventpage/us70005m6b","updated":1575570672040}},{"type":"Feature","id":"us60005lcy","geometry":{"type":"Point","coordinates":[102.0802,26.1445]},"properties":{"eventId":"us60005lcy","time":"2019-09-13T10:34:55Z","timestamp":1568370895698,"mag":4.7,"magType":"mb","depthKm":10.0,"place":"58 km SE of Dadukou, China","nearestDam":"乌东德水电站","nearestDamKm":58.77,"nearestBasin":"长江—金沙江干流","corridorDistanceKm":29.49,"source":"USGS FDSN Event Web Service","url":"https://earthquake.usgs.gov/earthquakes/eventpage/us60005lcy","updated":1575570651040}},{"type":"Feature","id":"us70005h3s","geometry":{"type":"Point","coordinates":[103.412,31.7794]},"properties":{"eventId":"us70005h3s","time":"2019-09-16T16:14:11Z","timestamp":1568650451435,"mag":4.7,"magType":"mb","depthKm":10.0,"place":"101 km NNW of Tianpeng, China","nearestDam":"紫坪铺水利枢纽","nearestDamKm":86.17,"nearestBasin":"岷江","corridorDistanceKm":85.7,"source":"USGS FDSN Event Web Service","url":"https://earthquake.usgs.gov/earthquakes/eventpage/us70005h3s","updated":1575570670040}},{"type":"Feature","id":"us70005mjm","geometry":{"type":"Point","coordinates":[102.3476,28.2843]},"properties":{"eventId":"us70005mjm","time":"2019-09-20T16:33:11Z","timestamp":1568997191773,"mag":4.3,"magType":"mb","depthKm":10.0,"place":"43 km N of Xichang, China","nearestDam":"锦屏二级水电站","nearestDamKm":56.82,"nearestBasin":"雅砻江","corridorDistanceKm":56.86,"source":"USGS FDSN Event Web Service","url":"https://earthquake.usgs.gov/earthquakes/eventpage/us70005mjm","updated":1575998836040}},{"type":"Feature","id":"us70005psh","geometry":{"type":"Point","coordinates":[108.3839,28.3876]},"properties":{"eventId":"us70005psh","time":"2019-10-02T12:04:34Z","timestamp":1570017874925,"mag":4.7,"magType":"mww","depthKm":10.0,"place":"61 km NNE of Xujiaba, China","nearestDam":"沙沱水电站","nearestDamKm":15.19,"nearestBasin":"乌江","corridorDistanceKm":2.23,"source":"USGS FDSN Event Web Service","url":"https://earthquake.usgs.gov/earthquakes/eventpage/us70005psh","updated":1594403371657}},{"type":"Feature","id":"us7000616j","geometry":{"type":"Point","coordinates":[104.8979,28.2976]},"properties":{"eventId":"us7000616j","time":"2019-10-21T00:25:38Z","timestamp":1571617538614,"mag":4.5,"magType":"mb","depthKm":10.0,"place":"24 km SE of Xunchang, China","nearestDam":"向家坝水电站","nearestDamKm":62.66,"nearestBasin":"长江—金沙江干流","corridorDistanceKm":53.22,"source":"USGS FDSN Event Web Service","url":"https://earthquake.usgs.gov/earthquakes/eventpage/us7000616j","updated":1578067781040}},{"type":"Feature","id":"us6000698g","geometry":{"type":"Point","coordinates":[102.4021,28.8341]},"properties":{"eventId":"us6000698g","time":"2019-10-31T08:03:33Z","timestamp":1572509013558,"mag":4.3,"magType":"mb","depthKm":10.0,"place":"104 km N of Xichang, China","nearestDam":"瀑布沟水电站","nearestDamKm":61.39,"nearestBasin":"大渡河","corridorDistanceKm":59.29,"source":"USGS FDSN Event Web Service","url":"https://earthquake.usgs.gov/earthquakes/eventpage/us6000698g","updated":1579377642040}},{"type":"Feature","id":"us600069tw","geometry":{"type":"Point","coordinates":[104.9831,28.1941]},"properties":{"eventId":"us600069tw","time":"2019-11-09T22:46:51Z","timestamp":1573339611935,"mag":4.5,"magType":"mb","depthKm":10.0,"place":"39 km SE of Xunchang, China","nearestDam":"向家坝水电站","nearestDamKm":76.44,"nearestBasin":"长江—金沙江干流","corridorDistanceKm":66.85,"source":"USGS FDSN Event Web Service","url":"https://earthquake.usgs.gov/earthquakes/eventpage/us600069tw","updated":1580599334040}},{"type":"Feature","id":"us60006c3v","geometry":{"type":"Point","coordinates":[104.7737,28.5346]},"properties":{"eventId":"us60006c3v","time":"2019-11-10T13:28:07Z","timestamp":1573392487990,"mag":4.6,"magType":"mb","depthKm":10.0,"place":"10 km NNE of Xunchang, China","nearestDam":"向家坝水电站","nearestDamKm":39.11,"nearestBasin":"长江—金沙江干流","corridorDistanceKm":24.45,"source":"USGS FDSN Event Web Service","url":"https://earthquake.usgs.gov/earthquakes/eventpage/us60006c3v","updated":1580599336040}},{"type":"Feature","id":"us700069js","geometry":{"type":"Point","coordinates":[100.7915,28.3132]},"properties":{"eventId":"us700069js","time":"2019-11-18T20:14:19Z","timestamp":1574108059799,"mag":4.6,"magType":"mb","depthKm":10.0,"place":"119 km ENE of Shangri-La, China","nearestDam":"杨房沟水电站","nearestDamKm":54.78,"nearestBasin":"雅砻江","corridorDistanceKm":54.51,"source":"USGS FDSN Event Web Service","url":"https://earthquake.usgs.gov/earthquakes/eventpage/us700069js","updated":1581106935040}},{"type":"Feature","id":"us70006chl","geometry":{"type":"Point","coordinates":[100.1075,26.2667]},"properties":{"eventId":"us70006chl","time":"2019-11-24T17:02:35Z","timestamp":1574614955403,"mag":4.4,"magType":"mb","depthKm":10.0,"place":"67 km S of Lijiang, China","nearestDam":"龙开口水电站","nearestDamKm":42.27,"nearestBasin":"长江—金沙江干流","corridorDistanceKm":42.15,"source":"USGS FDSN Event Web Service","url":"https://earthquake.usgs.gov/earthquakes/eventpage/us70006chl","updated":1581717738040}},{"type":"Feature","id":"us70006dr6","geometry":{"type":"Point","coordinates":[105.0093,28.4178]},"properties":{"eventId":"us70006dr6","time":"2019-11-27T13:03:03Z","timestamp":1574859783786,"mag":4.6,"magType":"mb","depthKm":10.0,"place":"29 km E of Xunchang, China","nearestDam":"向家坝水电站","nearestDamKm":65.26,"nearestBasin":"长江—金沙江干流","corridorDistanceKm":44.58,"source":"USGS FDSN Event Web Service","url":"https://earthquake.usgs.gov/earthquakes/eventpage/us70006dr6","updated":1582138691040}},{"type":"Feature","id":"us60006qn2","geometry":{"type":"Point","coordinates":[104.6285,32.9218]},"properties":{"eventId":"us60006qn2","time":"2019-12-04T07:52:55Z","timestamp":1575445975868,"mag":4.3,"magType":"mb","depthKm":10.0,"place":"124 km WNW of Guangyuan, China","nearestDam":"碧口水电站","nearestDamKm":47.31,"nearestBasin":"嘉陵江","corridorDistanceKm":47.4,"source":"USGS FDSN Event Web Service","url":"https://earthquake.usgs.gov/earthquakes/eventpage/us60006qn2","updated":1583005967040}},{"type":"Feature","id":"us60006p55","geometry":{"type":"Point","coordinates":[104.3232,31.7238]},"properties":{"eventId":"us60006p55","time":"2019-12-09T07:20:57Z","timestamp":1575876057772,"mag":5.0,"magType":"mb","depthKm":10.0,"place":"37 km W of Jiangyou, China","nearestDam":"紫坪铺水利枢纽","nearestDamKm":111.98,"nearestBasin":"岷江","corridorDistanceKm":112.26,"source":"USGS FDSN Event Web Service","url":"https://earthquake.usgs.gov/earthquakes/eventpage/us60006p55","updated":1766427786614}},{"type":"Feature","id":"us70006rae","geometry":{"type":"Point","coordinates":[99.3544,25.0212]},"properties":{"eventId":"us70006rae","time":"2019-12-10T16:02:54Z","timestamp":1575993774783,"mag":4.5,"magType":"mb","depthKm":10.0,"place":"106 km SW of Dali, China","nearestDam":"鲁地拉水电站","nearestDamKm":196.76,"nearestBasin":"长江—金沙江干流","corridorDistanceKm":194.94,"source":"USGS FDSN Event Web Service","url":"https://earthquake.usgs.gov/earthquakes/eventpage/us70006rae","updated":1583357239040}},{"type":"Feature","id":"us60006sxj","geometry":{"type":"Point","coordinates":[104.9557,29.6115]},"properties":{"eventId":"us60006sxj","time":"2019-12-18T00:14:06Z","timestamp":1576628046799,"mag":4.9,"magType":"mww","depthKm":10.0,"place":"10 km WNW of Neijiang, China","nearestDam":"向家坝水电站","nearestDamKm":120.5,"nearestBasin":"长江—金沙江干流","corridorDistanceKm":80.78,"source":"USGS FDSN Event Web Service","url":"https://earthquake.usgs.gov/earthquakes/eventpage/us60006sxj","updated":1742994742687}},{"type":"Feature","id":"us70006rbi","geometry":{"type":"Point","coordinates":[105.1569,32.207]},"properties":{"eventId":"us70006rbi","time":"2019-12-26T19:24:55Z","timestamp":1577388295339,"mag":4.6,"magType":"mb","depthKm":10.0,"place":"64 km NE of Jiangyou, China","nearestDam":"亭子口水利枢纽","nearestDamKm":53.25,"nearestBasin":"嘉陵江","corridorDistanceKm":48.46,"source":"USGS FDSN Event Web Service","url":"https://earthquake.usgs.gov/earthquakes/eventpage/us70006rbi","updated":1584224664040}},{"type":"Feature","id":"us70006s2q","geometry":{"type":"Point","coordinates":[104.8851,28.3309]},"properties":{"eventId":"us70006s2q","time":"2019-12-29T00:47:12Z","timestamp":1577580432053,"mag":4.4,"magType":"mb","depthKm":10.0,"place":"21 km SE of Xunchang, China","nearestDam":"向家坝水电站","nearestDamKm":59.42,"nearestBasin":"长江—金沙江干流","corridorDistanceKm":49.34,"source":"USGS FDSN Event Web Service","url":"https://earthquake.usgs.gov/earthquakes/eventpage/us70006s2q","updated":1584224626040}},{"type":"Feature","id":"us7000705k","geometry":{"type":"Point","coordinates":[104.6921,29.4988]},"properties":{"eventId":"us7000705k","time":"2019-12-30T01:24:57Z","timestamp":1577669097728,"mag":4.4,"magType":"mb","depthKm":10.0,"place":"19 km NNW of Zigong, China","nearestDam":"向家坝水电站","nearestDamKm":99.23,"nearestBasin":"长江—金沙江干流","corridorDistanceKm":57.19,"source":"USGS FDSN Event Web Service","url":"https://earthquake.usgs.gov/earthquakes/eventpage/us7000705k","updated":1584224601040}},{"type":"Feature","id":"us7000709r","geometry":{"type":"Point","coordinates":[104.6994,29.4518]},"properties":{"eventId":"us7000709r","time":"2019-12-31T18:48:22Z","timestamp":1577818102669,"mag":4.6,"magType":"mb","depthKm":10.0,"place":"14 km NNW of Zigong, China","nearestDam":"向家坝水电站","nearestDamKm":94.46,"nearestBasin":"长江—金沙江干流","corridorDistanceKm":56.23,"source":"USGS FDSN Event Web Service","url":"https://earthquake.usgs.gov/earthquakes/eventpage/us7000709r","updated":1584224569040}},{"type":"Feature","id":"us70006t1x","geometry":{"type":"Point","coordinates":[105.0195,29.0289]},"properties":{"eventId":"us70006t1x","time":"2020-01-01T03:01:58Z","timestamp":1577847718092,"mag":4.8,"magType":"mb","depthKm":10.0,"place":"41 km SE of Zigong, China","nearestDam":"向家坝水电站","nearestDamKm":74.4,"nearestBasin":"长江—金沙江干流","corridorDistanceKm":18.33,"source":"USGS FDSN Event Web Service","url":"https://earthquake.usgs.gov/earthquakes/eventpage/us70006t1x","updated":1584810803040}},{"type":"Feature","id":"us70006vts","geometry":{"type":"Point","coordinates":[104.9411,28.2124]},"properties":{"eventId":"us70006vts","time":"2020-01-07T17:09:38Z","timestamp":1578416978732,"mag":4.7,"magType":"mb","depthKm":10.0,"place":"34 km SE of Xunchang, China","nearestDam":"向家坝水电站","nearestDamKm":72.01,"nearestBasin":"长江—金沙江干流","corridorDistanceKm":63.52,"source":"USGS FDSN Event Web Service","url":"https://earthquake.usgs.gov/earthquakes/eventpage/us70006vts","updated":1584810799040}},{"type":"Feature","id":"us7000707e","geometry":{"type":"Point","coordinates":[103.148,25.5726]},"properties":{"eventId":"us7000707e","time":"2020-01-15T11:34:26Z","timestamp":1579088066679,"mag":4.6,"magType":"mb","depthKm":10.0,"place":"64 km W of Qujing, China","nearestDam":"乌东德水电站","nearestDamKm":98.17,"nearestBasin":"长江—金沙江干流","corridorDistanceKm":97.74,"source":"USGS FDSN Event Web Service","url":"https://earthquake.usgs.gov/earthquakes/eventpage/us7000707e","updated":1586374810040}},{"type":"Feature","id":"us60007cnf","geometry":{"type":"Point","coordinates":[103.2155,31.7125]},"properties":{"eventId":"us60007cnf","time":"2020-01-22T07:08:36Z","timestamp":1579676916156,"mag":4.8,"magType":"mb","depthKm":10.0,"place":"105 km NW of Tianpeng, China","nearestDam":"紫坪铺水利枢纽","nearestDamKm":82.72,"nearestBasin":"岷江","corridorDistanceKm":82.4,"source":"USGS FDSN Event Web Service","url":"https://earthquake.usgs.gov/earthquakes/eventpage/us60007cnf","updated":1586629237040}},{"type":"Feature","id":"us70007kwk","geometry":{"type":"Point","coordinates":[104.9742,28.4675]},"properties":{"eventId":"us70007kwk","time":"2020-01-29T20:20:15Z","timestamp":1580329215932,"mag":4.3,"magType":"mb","depthKm":10.0,"place":"25 km E of Xunchang, China","nearestDam":"向家坝水电站","nearestDamKm":60.06,"nearestBasin":"长江—金沙江干流","corridorDistanceKm":38.24,"source":"USGS FDSN Event Web Service","url":"https://earthquake.usgs.gov/earthquakes/eventpage/us70007kwk","updated":1587247828040}},{"type":"Feature","id":"us60007mte","geometry":{"type":"Point","coordinates":[104.536,30.7564]},"properties":{"eventId":"us60007mte","time":"2020-02-02T16:05:42Z","timestamp":1580659542494,"mag":4.8,"magType":"mww","depthKm":10.04,"place":"43 km SSE of Deyang, China","nearestDam":"紫坪铺水利枢纽","nearestDamKm":103.29,"nearestBasin":"岷江","corridorDistanceKm":86.48,"source":"USGS FDSN Event Web Service","url":"https://earthquake.usgs.gov/earthquakes/eventpage/us60007mte","updated":1587247817040}},{"type":"Feature","id":"us60007nhc","geometry":{"type":"Point","coordinates":[104.7365,28.5371]},"properties":{"eventId":"us60007nhc","time":"2020-02-03T15:55:53Z","timestamp":1580745353445,"mag":4.3,"magType":"mb","depthKm":10.0,"place":"9 km NNE of Xunchang, China","nearestDam":"向家坝水电站","nearestDamKm":35.58,"nearestBasin":"长江—金沙江干流","corridorDistanceKm":22.92,"source":"USGS FDSN Event Web Service","url":"https://earthquake.usgs.gov/earthquakes/eventpage/us60007nhc","updated":1587247820040}},{"type":"Feature","id":"us70007k9n","geometry":{"type":"Point","coordinates":[103.2638,27.1249]},"properties":{"eventId":"us70007k9n","time":"2020-02-06T20:45:12Z","timestamp":1581021912801,"mag":4.2,"magType":"mb","depthKm":10.0,"place":"49 km WSW of Zhaotong, China","nearestDam":"白鹤滩水电站","nearestDamKm":52.16,"nearestBasin":"长江—金沙江干流","corridorDistanceKm":8.72,"source":"USGS FDSN Event Web Service","url":"https://earthquake.usgs.gov/earthquakes/eventpage/us70007k9n","updated":1587853095040}},{"type":"Feature","id":"us70007r02","geometry":{"type":"Point","coordinates":[104.6439,29.4344]},"properties":{"eventId":"us70007r02","time":"2020-02-15T20:28:21Z","timestamp":1581798501628,"mag":4.5,"magType":"mb","depthKm":10.0,"place":"16 km NW of Zigong, China","nearestDam":"向家坝水电站","nearestDamKm":91.04,"nearestBasin":"长江—金沙江干流","corridorDistanceKm":50.53,"source":"USGS FDSN Event Web Service","url":"https://earthquake.usgs.gov/earthquakes/eventpage/us70007r02","updated":1588457395040}},{"type":"Feature","id":"us70007u86","geometry":{"type":"Point","coordinates":[104.6944,29.4476]},"properties":{"eventId":"us70007u86","time":"2020-02-16T13:33:24Z","timestamp":1581860004439,"mag":4.2,"magType":"mb","depthKm":10.0,"place":"14 km NW of Zigong, China","nearestDam":"向家坝水电站","nearestDamKm":93.87,"nearestBasin":"长江—金沙江干流","corridorDistanceKm":55.62,"source":"USGS FDSN Event Web Service","url":"https://earthquake.usgs.gov/earthquakes/eventpage/us70007u86","updated":1588457431040}},{"type":"Feature","id":"us600085pz","geometry":{"type":"Point","coordinates":[103.6297,28.2322]},"properties":{"eventId":"us600085pz","time":"2020-02-27T23:56:20Z","timestamp":1582847780536,"mag":4.6,"magType":"mb","depthKm":10.0,"place":"101 km N of Zhaotong, China","nearestDam":"溪洛渡水电站","nearestDamKm":3.15,"nearestBasin":"长江—金沙江干流","corridorDistanceKm":0.29,"source":"USGS FDSN Event Web Service","url":"https://earthquake.usgs.gov/earthquakes/eventpage/us600085pz","updated":1589926443040}},{"type":"Feature","id":"us60008dt6","geometry":{"type":"Point","coordinates":[105.2417,32.4352]},"properties":{"eventId":"us60008dt6","time":"2020-03-06T03:34:45Z","timestamp":1583465685454,"mag":4.4,"magType":"mb","depthKm":10.0,"place":"54 km W of Guangyuan, China","nearestDam":"宝珠寺水电站","nearestDamKm":35.91,"nearestBasin":"嘉陵江","corridorDistanceKm":27.49,"source":"USGS FDSN Event Web Service","url":"https://earthquake.usgs.gov/earthquakes/eventpage/us60008dt6","updated":1590271407040}},{"type":"Feature","id":"us70008gxu","geometry":{"type":"Point","coordinates":[104.9097,28.6271]},"properties":{"eventId":"us70008gxu","time":"2020-03-17T02:30:40Z","timestamp":1584412240807,"mag":4.2,"magType":"mb","depthKm":33.56,"place":"27 km NE of Xunchang, China","nearestDam":"向家坝水电站","nearestDamKm":50.41,"nearestBasin":"长江—金沙江干流","corridorDistanceKm":19.51,"source":"USGS FDSN Event Web Service","url":"https://earthquake.usgs.gov/earthquakes/eventpage/us70008gxu","updated":1590877044040}},{"type":"Feature","id":"us70008gyp","geometry":{"type":"Point","coordinates":[103.265,27.1633]},"properties":{"eventId":"us70008gyp","time":"2020-03-18T08:43:44Z","timestamp":1584521024986,"mag":4.3,"magType":"mb","depthKm":10.0,"place":"47 km WSW of Zhaotong, China","nearestDam":"白鹤滩水电站","nearestDamKm":55.95,"nearestBasin":"长江—金沙江干流","corridorDistanceKm":7.34,"source":"USGS FDSN Event Web Service","url":"https://earthquake.usgs.gov/earthquakes/eventpage/us70008gyp","updated":1591476826040}},{"type":"Feature","id":"us70008sid","geometry":{"type":"Point","coordinates":[104.8244,28.1241]},"properties":{"eventId":"us70008sid","time":"2020-04-06T07:01:40Z","timestamp":1586156500837,"mag":4.4,"magType":"mb","depthKm":10.0,"place":"38 km SSE of Xunchang, China","nearestDam":"向家坝水电站","nearestDamKm":71.67,"nearestBasin":"长江—金沙江干流","corridorDistanceKm":68.68,"source":"USGS FDSN Event Web Service","url":"https://earthquake.usgs.gov/earthquakes/eventpage/us70008sid","updated":1592700909040}},{"type":"Feature","id":"us70008xlf","geometry":{"type":"Point","coordinates":[104.6792,28.1639]},"properties":{"eventId":"us70008xlf","time":"2020-04-09T01:14:25Z","timestamp":1586394865414,"mag":4.3,"magType":"mb","depthKm":10.0,"place":"32 km S of Xunchang, China","nearestDam":"向家坝水电站","nearestDamKm":60.39,"nearestBasin":"长江—金沙江干流","corridorDistanceKm":59.6,"source":"USGS FDSN Event Web Service","url":"https://earthquake.usgs.gov/earthquakes/eventpage/us70008xlf","updated":1593525792040}},{"type":"Feature","id":"us700091sb","geometry":{"type":"Point","coordinates":[105.3678,29.1604]},"properties":{"eventId":"us700091sb","time":"2020-04-15T03:35:16Z","timestamp":1586921716617,"mag":4.3,"magType":"mb","depthKm":10.0,"place":"55 km WSW of Yongchuan, China","nearestDam":"向家坝水电站","nearestDamKm":110.78,"nearestBasin":"长江—金沙江干流","corridorDistanceKm":20.05,"source":"USGS FDSN Event Web Service","url":"https://earthquake.usgs.gov/earthquakes/eventpage/us700091sb","updated":1594305066040}},{"type":"Feature","id":"us60009agx","geometry":{"type":"Point","coordinates":[104.8726,28.5268]},"properties":{"eventId":"us60009agx","time":"2020-04-23T09:04:42Z","timestamp":1587632682224,"mag":4.9,"magType":"mb","depthKm":10.0,"place":"17 km ENE of Xunchang, China","nearestDam":"向家坝水电站","nearestDamKm":48.6,"nearestBasin":"长江—金沙江干流","corridorDistanceKm":28.63,"source":"USGS FDSN Event Web Service","url":"https://earthquake.usgs.gov/earthquakes/eventpage/us60009agx","updated":1766428379924}},{"type":"Feature","id":"us700097q5","geometry":{"type":"Point","coordinates":[104.8294,28.1246]},"properties":{"eventId":"us700097q5","time":"2020-04-27T01:37:13Z","timestamp":1587951433505,"mag":4.4,"magType":"mb","depthKm":10.0,"place":"38 km SSE of Xunchang, China","nearestDam":"向家坝水电站","nearestDamKm":71.92,"nearestBasin":"长江—金沙江干流","corridorDistanceKm":68.8,"source":"USGS FDSN Event Web Service","url":"https://earthquake.usgs.gov/earthquakes/eventpage/us700097q5","updated":1594505967040}},{"type":"Feature","id":"us700097qg","geometry":{"type":"Point","coordinates":[103.2802,27.1475]},"properties":{"eventId":"us700097qg","time":"2020-04-27T12:19:34Z","timestamp":1587989974134,"mag":4.4,"magType":"mb","depthKm":10.0,"place":"47 km WSW of Zhaotong, China","nearestDam":"白鹤滩水电站","nearestDamKm":55.15,"nearestBasin":"长江—金沙江干流","corridorDistanceKm":9.36,"source":"USGS FDSN Event Web Service","url":"https://earthquake.usgs.gov/earthquakes/eventpage/us700097qg","updated":1594505968040}},{"type":"Feature","id":"us70009dmy","geometry":{"type":"Point","coordinates":[104.7676,28.2007]},"properties":{"eventId":"us70009dmy","time":"2020-05-10T07:42:29Z","timestamp":1589096549884,"mag":4.4,"magType":"mb","depthKm":10.0,"place":"28 km S of Xunchang, China","nearestDam":"向家坝水电站","nearestDamKm":61.51,"nearestBasin":"长江—金沙江干流","corridorDistanceKm":58.81,"source":"USGS FDSN Event Web Service","url":"https://earthquake.usgs.gov/earthquakes/eventpage/us70009dmy","updated":1596060867040}},{"type":"Feature","id":"us70009gu3","geometry":{"type":"Point","coordinates":[104.7976,28.4439]},"properties":{"eventId":"us70009gu3","time":"2020-05-10T22:09:53Z","timestamp":1589148593976,"mag":4.5,"magType":"mb","depthKm":10.0,"place":"8 km E of Xunchang, China","nearestDam":"向家坝水电站","nearestDamKm":45.38,"nearestBasin":"长江—金沙江干流","corridorDistanceKm":34.65,"source":"USGS FDSN Event Web Service","url":"https://earthquake.usgs.gov/earthquakes/eventpage/us70009gu3","updated":1596060869040}},{"type":"Feature","id":"us70009jr6","geometry":{"type":"Point","coordinates":[103.2881,27.2664]},"properties":{"eventId":"us70009jr6","time":"2020-05-18T13:48:03Z","timestamp":1589809683218,"mag":5.1,"magType":"mww","depthKm":10.0,"place":"42 km W of Zhaotong, China","nearestDam":"白鹤滩水电站","nearestDamKm":67.22,"nearestBasin":"长江—金沙江干流","corridorDistanceKm":5.48,"source":"USGS FDSN Event Web Service","url":"https://earthquake.usgs.gov/earthquakes/eventpage/us70009jr6","updated":1766428466629}},{"type":"Feature","id":"us70009k48","geometry":{"type":"Point","coordinates":[103.3847,27.3245]},"properties":{"eventId":"us70009k48","time":"2020-05-18T20:35:56Z","timestamp":1589834156795,"mag":4.4,"magType":"mb","depthKm":10.0,"place":"32 km W of Zhaotong, China","nearestDam":"白鹤滩水电站","nearestDamKm":77.36,"nearestBasin":"长江—金沙江干流","corridorDistanceKm":12.17,"source":"USGS FDSN Event Web Service","url":"https://earthquake.usgs.gov/earthquakes/eventpage/us70009k48","updated":1596328117040}},{"type":"Feature","id":"us70009mpt","geometry":{"type":"Point","coordinates":[104.8534,28.1811]},"properties":{"eventId":"us70009mpt","time":"2020-05-21T19:12:51Z","timestamp":1590088371634,"mag":4.6,"magType":"mb","depthKm":12.24,"place":"33 km SSE of Xunchang, China","nearestDam":"向家坝水电站","nearestDamKm":68.47,"nearestBasin":"长江—金沙江干流","corridorDistanceKm":63.77,"source":"USGS FDSN Event Web Service","url":"https://earthquake.usgs.gov/earthquakes/eventpage/us70009mpt","updated":1596910667040}},{"type":"Feature","id":"us70009qly","geometry":{"type":"Point","coordinates":[103.7427,29.0957]},"properties":{"eventId":"us70009qly","time":"2020-05-26T12:34:50Z","timestamp":1590496490585,"mag":4.6,"magType":"mb","depthKm":10.0,"place":"42 km SW of Luocheng, China","nearestDam":"铜街子水电站","nearestDamKm":20.8,"nearestBasin":"大渡河","corridorDistanceKm":5.95,"source":"USGS FDSN Event Web Service","url":"https://earthquake.usgs.gov/earthquakes/eventpage/us70009qly","updated":1659999324007}},{"type":"Feature","id":"us6000a6gf","geometry":{"type":"Point","coordinates":[103.586,28.1095]},"properties":{"eventId":"us6000a6gf","time":"2020-05-30T00:30:58Z","timestamp":1590798658964,"mag":4.1,"magType":"mb","depthKm":10.0,"place":"88 km N of Zhaotong, China","nearestDam":"溪洛渡水电站","nearestDamKm":17.42,"nearestBasin":"长江—金沙江干流","corridorDistanceKm":0.42,"source":"USGS FDSN Event Web Service","url":"https://earthquake.usgs.gov/earthquakes/eventpage/us6000a6gf","updated":1597522790040}},{"type":"Feature","id":"us6000a8dk","geometry":{"type":"Point","coordinates":[104.6892,28.1613]},"properties":{"eventId":"us6000a8dk","time":"2020-06-01T04:42:05Z","timestamp":1590986525900,"mag":4.3,"magType":"mb","depthKm":10.0,"place":"32 km S of Xunchang, China","nearestDam":"向家坝水电站","nearestDamKm":61.11,"nearestBasin":"长江—金沙江干流","corridorDistanceKm":60.21,"source":"USGS FDSN Event Web Service","url":"https://earthquake.usgs.gov/earthquakes/eventpage/us6000a8dk","updated":1597522799040}},{"type":"Feature","id":"us6000a8nz","geometry":{"type":"Point","coordinates":[104.6708,28.1073]},"properties":{"eventId":"us6000a8nz","time":"2020-06-02T08:39:05Z","timestamp":1591087145829,"mag":4.1,"magType":"mb","depthKm":10.0,"place":"38 km S of Xunchang, China","nearestDam":"向家坝水电站","nearestDamKm":65.7,"nearestBasin":"长江—金沙江干流","corridorDistanceKm":65.09,"source":"USGS FDSN Event Web Service","url":"https://earthquake.usgs.gov/earthquakes/eventpage/us6000a8nz","updated":1597522804040}},{"type":"Feature","id":"us6000a4ln","geometry":{"type":"Point","coordinates":[100.9268,31.3643]},"properties":{"eventId":"us6000a4ln","time":"2020-06-02T18:57:57Z","timestamp":1591124277417,"mag":4.3,"magType":"mb","depthKm":10.0,"place":"180 km NNW of Kangding, China","nearestDam":"两河口水电站","nearestDamKm":130.32,"nearestBasin":"雅砻江","corridorDistanceKm":129.6,"source":"USGS FDSN Event Web Service","url":"https://earthquake.usgs.gov/earthquakes/eventpage/us6000a4ln","updated":1597522807040}},{"type":"Feature","id":"us6000aam0","geometry":{"type":"Point","coordinates":[104.8442,28.2145]},"properties":{"eventId":"us6000aam0","time":"2020-06-12T13:03:40Z","timestamp":1591967020063,"mag":4.7,"magType":"mb","depthKm":10.0,"place":"29 km SSE of Xunchang, China","nearestDam":"向家坝水电站","nearestDamKm":65.1,"nearestBasin":"长江—金沙江干流","corridorDistanceKm":59.99,"source":"USGS FDSN Event Web Service","url":"https://earthquake.usgs.gov/earthquakes/eventpage/us6000aam0","updated":1598123687040}},{"type":"Feature","id":"us6000aerz","geometry":{"type":"Point","coordinates":[104.6485,28.1746]},"properties":{"eventId":"us6000aerz","time":"2020-06-13T02:32:50Z","timestamp":1592015570308,"mag":4.3,"magType":"mb","depthKm":10.0,"place":"31 km SSW of Xunchang, China","nearestDam":"向家坝水电站","nearestDamKm":57.99,"nearestBasin":"长江—金沙江干流","corridorDistanceKm":57.45,"source":"USGS FDSN Event Web Service","url":"https://earthquake.usgs.gov/earthquakes/eventpage/us6000aerz","updated":1598123699040}},{"type":"Feature","id":"us6000ah96","geometry":{"type":"Point","coordinates":[104.7503,28.2634]},"properties":{"eventId":"us6000ah96","time":"2020-06-23T14:12:23Z","timestamp":1592921543628,"mag":4.5,"magType":"mb","depthKm":10.0,"place":"21 km S of Xunchang, China","nearestDam":"向家坝水电站","nearestDamKm":54.96,"nearestBasin":"长江—金沙江干流","corridorDistanceKm":51.73,"source":"USGS FDSN Event Web Service","url":"https://earthquake.usgs.gov/earthquakes/eventpage/us6000ah96","updated":1598745668040}},{"type":"Feature","id":"us7000aejb","geometry":{"type":"Point","coordinates":[104.8686,28.1811]},"properties":{"eventId":"us7000aejb","time":"2020-06-29T17:55:12Z","timestamp":1593453312490,"mag":4.3,"magType":"mb","depthKm":29.89,"place":"33 km SSE of Xunchang, China","nearestDam":"向家坝水电站","nearestDamKm":69.46,"nearestBasin":"长江—金沙江干流","corridorDistanceKm":64.29,"source":"USGS FDSN Event Web Service","url":"https://earthquake.usgs.gov/earthquakes/eventpage/us7000aejb","updated":1599327333040}},{"type":"Feature","id":"us7000agdw","geometry":{"type":"Point","coordinates":[104.6865,27.2099]},"properties":{"eventId":"us7000agdw","time":"2020-07-02T03:11:38Z","timestamp":1593659498280,"mag":4.6,"magType":"mb","depthKm":10.0,"place":"60 km NE of Weining, China","nearestDam":"洪家渡水电站","nearestDamKm":121.81,"nearestBasin":"乌江","corridorDistanceKm":121.93,"source":"USGS FDSN Event Web Service","url":"https://earthquake.usgs.gov/earthquakes/eventpage/us7000agdw","updated":1599862430040}},{"type":"Feature","id":"us7000ak4q","geometry":{"type":"Point","coordinates":[104.8454,27.2161]},"properties":{"eventId":"us7000ak4q","time":"2020-07-02T03:57:59Z","timestamp":1593662279576,"mag":4.2,"magType":"mb","depthKm":10.0,"place":"44 km WSW of Bijie, China","nearestDam":"洪家渡水电站","nearestDamKm":107.19,"nearestBasin":"乌江","corridorDistanceKm":107.27,"source":"USGS FDSN Event Web Service","url":"https://earthquake.usgs.gov/earthquakes/eventpage/us7000ak4q","updated":1599862430040}},{"type":"Feature","id":"us7000ak50","geometry":{"type":"Point","coordinates":[104.9995,28.3304]},"properties":{"eventId":"us7000ak50","time":"2020-07-02T12:44:17Z","timestamp":1593693857890,"mag":4.2,"magType":"mb","depthKm":10.0,"place":"31 km ESE of Xunchang, China","nearestDam":"向家坝水电站","nearestDamKm":68.8,"nearestBasin":"长江—金沙江干流","corridorDistanceKm":53.29,"source":"USGS FDSN Event Web Service","url":"https://earthquake.usgs.gov/earthquakes/eventpage/us7000ak50","updated":1599862433040}},{"type":"Feature","id":"us7000alek","geometry":{"type":"Point","coordinates":[100.9045,28.2195]},"properties":{"eventId":"us7000alek","time":"2020-07-06T03:33:50Z","timestamp":1594006430134,"mag":4.2,"magType":"mb","depthKm":10.0,"place":"125 km ENE of Shangri-La, China","nearestDam":"杨房沟水电站","nearestDamKm":55.96,"nearestBasin":"雅砻江","corridorDistanceKm":52.55,"source":"USGS FDSN Event Web Service","url":"https://earthquake.usgs.gov/earthquakes/eventpage/us7000alek","updated":1599862458040}},{"type":"Feature","id":"us7000aju2","geometry":{"type":"Point","coordinates":[103.0823,26.1933]},"properties":{"eventId":"us7000aju2","time":"2020-07-08T02:40:01Z","timestamp":1594176001749,"mag":4.6,"magType":"mb","depthKm":10.0,"place":"105 km NW of Qujing, China","nearestDam":"乌东德水电站","nearestDamKm":47.03,"nearestBasin":"长江—金沙江干流","corridorDistanceKm":43.61,"source":"USGS FDSN Event Web Service","url":"https://earthquake.usgs.gov/earthquakes/eventpage/us7000aju2","updated":1600549076040}},{"type":"Feature","id":"us7000arpk","geometry":{"type":"Point","coordinates":[99.5735,25.1767]},"properties":{"eventId":"us7000arpk","time":"2020-07-13T17:34:01Z","timestamp":1594661641030,"mag":4.0,"magType":"mb","depthKm":10.0,"place":"78 km SW of Dali, China","nearestDam":"鲁地拉水电站","nearestDamKm":168.81,"nearestBasin":"长江—金沙江干流","corridorDistanceKm":167.45,"source":"USGS FDSN Event Web Service","url":"https://earthquake.usgs.gov/earthquakes/eventpage/us7000arpk","updated":1600549113040}},{"type":"Feature","id":"us6000b65d","geometry":{"type":"Point","coordinates":[99.9835,27.5982]},"properties":{"eventId":"us6000b65d","time":"2020-07-23T07:54:34Z","timestamp":1595490874388,"mag":4.0,"magType":"mb","depthKm":10.0,"place":"37 km SE of Shangri-La, China","nearestDam":"梨园水电站","nearestDamKm":31.56,"nearestBasin":"长江—金沙江干流","corridorDistanceKm":31.61,"source":"USGS FDSN Event Web Service","url":"https://earthquake.usgs.gov/earthquakes/eventpage/us6000b65d","updated":1601746351040}},{"type":"Feature","id":"us6000b66t","geometry":{"type":"Point","coordinates":[104.6829,28.0763]},"properties":{"eventId":"us6000b66t","time":"2020-07-24T10:09:09Z","timestamp":1595585349911,"mag":4.4,"magType":"mb","depthKm":10.0,"place":"42 km S of Xunchang, China","nearestDam":"向家坝水电站","nearestDamKm":69.33,"nearestBasin":"长江—金沙江干流","corridorDistanceKm":68.65,"source":"USGS FDSN Event Web Service","url":"https://earthquake.usgs.gov/earthquakes/eventpage/us6000b66t","updated":1601746351040}},{"type":"Feature","id":"us6000b6vp","geometry":{"type":"Point","coordinates":[104.9774,28.2948]},"properties":{"eventId":"us6000b6vp","time":"2020-07-27T08:06:59Z","timestamp":1595837219494,"mag":4.2,"magType":"mb","depthKm":10.0,"place":"31 km SE of Xunchang, China","nearestDam":"向家坝水电站","nearestDamKm":69.11,"nearestBasin":"长江—金沙江干流","corridorDistanceKm":56.23,"source":"USGS FDSN Event Web Service","url":"https://earthquake.usgs.gov/earthquakes/eventpage/us6000b6vp","updated":1601746354040}},{"type":"Feature","id":"us6000b98k","geometry":{"type":"Point","coordinates":[104.6972,28.1296]},"properties":{"eventId":"us6000b98k","time":"2020-07-29T20:09:32Z","timestamp":1596053372241,"mag":4.7,"magType":"mb","depthKm":10.0,"place":"36 km S of Xunchang, China","nearestDam":"向家坝水电站","nearestDamKm":64.59,"nearestBasin":"长江—金沙江干流","corridorDistanceKm":63.77,"source":"USGS FDSN Event Web Service","url":"https://earthquake.usgs.gov/earthquakes/eventpage/us6000b98k","updated":1602349874040}},{"type":"Feature","id":"us6000ba07","geometry":{"type":"Point","coordinates":[104.8405,28.4083]},"properties":{"eventId":"us6000ba07","time":"2020-08-06T09:08:14Z","timestamp":1596704894412,"mag":4.6,"magType":"mb","depthKm":10.0,"place":"13 km ESE of Xunchang, China","nearestDam":"向家坝水电站","nearestDamKm":51.01,"nearestBasin":"长江—金沙江干流","corridorDistanceKm":39.8,"source":"USGS FDSN Event Web Service","url":"https://earthquake.usgs.gov/earthquakes/eventpage/us6000ba07","updated":1603317834040}},{"type":"Feature","id":"us6000bcha","geometry":{"type":"Point","coordinates":[105.0933,28.1847]},"properties":{"eventId":"us6000bcha","time":"2020-08-11T05:41:49Z","timestamp":1597124509051,"mag":4.6,"magType":"mb","depthKm":10.0,"place":"47 km SE of Xunchang, China","nearestDam":"向家坝水电站","nearestDamKm":85.48,"nearestBasin":"长江—金沙江干流","corridorDistanceKm":71.58,"source":"USGS FDSN Event Web Service","url":"https://earthquake.usgs.gov/earthquakes/eventpage/us6000bcha","updated":1646890354670}},{"type":"Feature","id":"us6000bh5j","geometry":{"type":"Point","coordinates":[105.0676,28.0596]},"properties":{"eventId":"us6000bh5j","time":"2020-08-13T16:30:31Z","timestamp":1597336231714,"mag":4.4,"magType":"mb","depthKm":10.0,"place":"55 km SE of Xunchang, China","nearestDam":"向家坝水电站","nearestDamKm":92.7,"nearestBasin":"长江—金沙江干流","corridorDistanceKm":83.66,"source":"USGS FDSN Event Web Service","url":"https://earthquake.usgs.gov/earthquakes/eventpage/us6000bh5j","updated":1603570146040}},{"type":"Feature","id":"us6000bifq","geometry":{"type":"Point","coordinates":[104.563,28.0405]},"properties":{"eventId":"us6000bifq","time":"2020-08-17T04:43:33Z","timestamp":1597639413355,"mag":4.4,"magType":"mb","depthKm":10.0,"place":"48 km SSW of Xunchang, China","nearestDam":"向家坝水电站","nearestDamKm":69.28,"nearestBasin":"长江—金沙江干流","corridorDistanceKm":66.15,"source":"USGS FDSN Event Web Service","url":"https://earthquake.usgs.gov/earthquakes/eventpage/us6000bifq","updated":1603570150040}},{"type":"Feature","id":"us7000bdrl","geometry":{"type":"Point","coordinates":[104.7287,28.1302]},"properties":{"eventId":"us7000bdrl","time":"2020-08-21T09:27:04Z","timestamp":1598002024773,"mag":4.1,"magType":"mb","depthKm":10.0,"place":"35 km S of Xunchang, China","nearestDam":"向家坝水电站","nearestDamKm":66.01,"nearestBasin":"长江—金沙江干流","corridorDistanceKm":64.78,"source":"USGS FDSN Event Web Service","url":"https://earthquake.usgs.gov/earthquakes/eventpage/us7000bdrl","updated":1604171192040}},{"type":"Feature","id":"us7000bhs2","geometry":{"type":"Point","coordinates":[104.9033,28.3715]},"properties":{"eventId":"us7000bhs2","time":"2020-08-31T11:43:42Z","timestamp":1598874222239,"mag":4.5,"magType":"mb","depthKm":10.0,"place":"20 km ESE of Xunchang, China","nearestDam":"向家坝水电站","nearestDamKm":58.38,"nearestBasin":"长江—金沙江干流","corridorDistanceKm":45.76,"source":"USGS FDSN Event Web Service","url":"https://earthquake.usgs.gov/earthquakes/eventpage/us7000bhs2","updated":1604774931040}},{"type":"Feature","id":"us7000blv6","geometry":{"type":"Point","coordinates":[103.1743,27.1883]},"properties":{"eventId":"us7000blv6","time":"2020-09-08T05:30:17Z","timestamp":1599543017240,"mag":4.5,"magType":"mb","depthKm":10.0,"place":"55 km WSW of Zhaotong, China","nearestDam":"白鹤滩水电站","nearestDamKm":54.96,"nearestBasin":"长江—金沙江干流","corridorDistanceKm":2.03,"source":"USGS FDSN Event Web Service","url":"https://earthquake.usgs.gov/earthquakes/eventpage/us7000blv6","updated":1605642294040}},{"type":"Feature","id":"us7000bpg3","geometry":{"type":"Point","coordinates":[105.339,32.0902]},"properties":{"eventId":"us7000bpg3","time":"2020-09-13T16:24:21Z","timestamp":1600014261957,"mag":4.5,"magType":"mb","depthKm":16.29,"place":"60 km SW of Guangyuan, China","nearestDam":"亭子口水利枢纽","nearestDamKm":34.61,"nearestBasin":"嘉陵江","corridorDistanceKm":34.05,"source":"USGS FDSN Event Web Service","url":"https://earthquake.usgs.gov/earthquakes/eventpage/us7000bpg3","updated":1605989447040}},{"type":"Feature","id":"us7000bpqr","geometry":{"type":"Point","coordinates":[105.4713,26.203]},"properties":{"eventId":"us7000bpqr","time":"2020-09-18T08:24:01Z","timestamp":1600417441622,"mag":4.6,"magType":"mb","depthKm":10.0,"place":"46 km W of Anshun, China","nearestDam":"洪家渡水电站","nearestDamKm":83.8,"nearestBasin":"乌江","corridorDistanceKm":83.43,"source":"USGS FDSN Event Web Service","url":"https://earthquake.usgs.gov/earthquakes/eventpage/us7000bpqr","updated":1646890834034}},{"type":"Feature","id":"us6000c1e1","geometry":{"type":"Point","coordinates":[105.1071,28.0516]},"properties":{"eventId":"us6000c1e1","time":"2020-09-25T20:34:13Z","timestamp":1601066053796,"mag":4.5,"magType":"mb","depthKm":39.68,"place":"58 km SE of Xunchang, China","nearestDam":"向家坝水电站","nearestDamKm":96.1,"nearestBasin":"长江—金沙江干流","corridorDistanceKm":85.84,"source":"USGS FDSN Event Web Service","url":"https://earthquake.usgs.gov/earthquakes/eventpage/us6000c1e1","updated":1607202178040}},{"type":"Feature","id":"us6000c4uf","geometry":{"type":"Point","coordinates":[104.2307,28.1488]},"properties":{"eventId":"us6000c4uf","time":"2020-09-29T18:49:16Z","timestamp":1601405356269,"mag":4.2,"magType":"mb","depthKm":36.52,"place":"58 km SW of Xunchang, China","nearestDam":"向家坝水电站","nearestDamKm":57.48,"nearestBasin":"长江—金沙江干流","corridorDistanceKm":39.39,"source":"USGS FDSN Event Web Service","url":"https://earthquake.usgs.gov/earthquakes/eventpage/us6000c4uf","updated":1607202192040}},{"type":"Feature","id":"us6000cc25","geometry":{"type":"Point","coordinates":[105.0099,28.2955]},"properties":{"eventId":"us6000cc25","time":"2020-10-19T15:43:47Z","timestamp":1603122227290,"mag":4.5,"magType":"mb","depthKm":37.42,"place":"33 km ESE of Xunchang, China","nearestDam":"向家坝水电站","nearestDamKm":71.72,"nearestBasin":"长江—金沙江干流","corridorDistanceKm":57.26,"source":"USGS FDSN Event Web Service","url":"https://earthquake.usgs.gov/earthquakes/eventpage/us6000cc25","updated":1609283262040}},{"type":"Feature","id":"us6000cahl","geometry":{"type":"Point","coordinates":[104.2275,31.9179]},"properties":{"eventId":"us6000cahl","time":"2020-10-21T04:04:47Z","timestamp":1603253087150,"mag":5.2,"magType":"mb","depthKm":10.0,"place":"49 km WNW of Jiangyou, China","nearestDam":"紫坪铺水利枢纽","nearestDamKm":122.82,"nearestBasin":"岷江","corridorDistanceKm":122.8,"source":"USGS FDSN Event Web Service","url":"https://earthquake.usgs.gov/earthquakes/eventpage/us6000cahl","updated":1766429051747}},{"type":"Feature","id":"us6000cb4i","geometry":{"type":"Point","coordinates":[104.235,31.9456]},"properties":{"eventId":"us6000cb4i","time":"2020-10-22T03:03:37Z","timestamp":1603335817538,"mag":5.3,"magType":"mb","depthKm":10.0,"place":"49 km WNW of Jiangyou, China","nearestDam":"紫坪铺水利枢纽","nearestDamKm":125.76,"nearestBasin":"岷江","corridorDistanceKm":125.72,"source":"USGS FDSN Event Web Service","url":"https://earthquake.usgs.gov/earthquakes/eventpage/us6000cb4i","updated":1610222717040}},{"type":"Feature","id":"us7000c71d","geometry":{"type":"Point","coordinates":[104.3946,31.9533]},"properties":{"eventId":"us7000c71d","time":"2020-10-22T17:12:38Z","timestamp":1603386758872,"mag":4.1,"magType":"mb","depthKm":10.0,"place":"36 km NW of Jiangyou, China","nearestDam":"碧口水电站","nearestDamKm":117.17,"nearestBasin":"嘉陵江","corridorDistanceKm":116.76,"source":"USGS FDSN Event Web Service","url":"https://earthquake.usgs.gov/earthquakes/eventpage/us7000c71d","updated":1610222738040}},{"type":"Feature","id":"us7000c71i","geometry":{"type":"Point","coordinates":[104.5353,31.8339]},"properties":{"eventId":"us7000c71i","time":"2020-10-22T18:24:30Z","timestamp":1603391070973,"mag":4.5,"magType":"mb","depthKm":10.0,"place":"18 km WNW of Jiangyou, China","nearestDam":"亭子口水利枢纽","nearestDamKm":114.17,"nearestBasin":"嘉陵江","corridorDistanceKm":114.04,"source":"USGS FDSN Event Web Service","url":"https://earthquake.usgs.gov/earthquakes/eventpage/us7000c71i","updated":1610222739040}},{"type":"Feature","id":"us6000ccpl","geometry":{"type":"Point","coordinates":[104.2948,31.7865]},"properties":{"eventId":"us6000ccpl","time":"2020-10-24T18:04:31Z","timestamp":1603562671536,"mag":4.7,"magType":"mb","depthKm":10.0,"place":"eastern Sichuan, China","nearestDam":"紫坪铺水利枢纽","nearestDamKm":115.23,"nearestBasin":"岷江","corridorDistanceKm":115.41,"source":"USGS FDSN Event Web Service","url":"https://earthquake.usgs.gov/earthquakes/eventpage/us6000ccpl","updated":1610222724040}},{"type":"Feature","id":"us7000c9s3","geometry":{"type":"Point","coordinates":[103.9353,27.2697]},"properties":{"eventId":"us7000c9s3","time":"2020-10-28T20:52:48Z","timestamp":1603918368612,"mag":4.0,"magType":"mb","depthKm":10.0,"place":"22 km ESE of Zhaotong, China","nearestDam":"白鹤滩水电站","nearestDamKm":111.07,"nearestBasin":"长江—金沙江干流","corridorDistanceKm":65.26,"source":"USGS FDSN Event Web Service","url":"https://earthquake.usgs.gov/earthquakes/eventpage/us7000c9s3","updated":1611010898040}},{"type":"Feature","id":"us7000cav5","geometry":{"type":"Point","coordinates":[105.2089,32.1505]},"properties":{"eventId":"us7000cav5","time":"2020-10-31T06:38:08Z","timestamp":1604126288949,"mag":4.2,"magType":"mb","depthKm":10.0,"place":"63 km NE of Jiangyou, China","nearestDam":"亭子口水利枢纽","nearestDamKm":47.28,"nearestBasin":"嘉陵江","corridorDistanceKm":44.83,"source":"USGS FDSN Event Web Service","url":"https://earthquake.usgs.gov/earthquakes/eventpage/us7000cav5","updated":1611010911040}},{"type":"Feature","id":"us7000cbnb","geometry":{"type":"Point","coordinates":[104.7718,28.2351]},"properties":{"eventId":"us7000cbnb","time":"2020-11-07T00:23:29Z","timestamp":1604708609654,"mag":4.4,"magType":"mb","depthKm":10.0,"place":"24 km SSE of Xunchang, China","nearestDam":"向家坝水电站","nearestDamKm":58.73,"nearestBasin":"长江—金沙江干流","corridorDistanceKm":55.39,"source":"USGS FDSN Event Web Service","url":"https://earthquake.usgs.gov/earthquakes/eventpage/us7000cbnb","updated":1611440732040}},{"type":"Feature","id":"us7000cdyw","geometry":{"type":"Point","coordinates":[104.7498,28.1471]},"properties":{"eventId":"us7000cdyw","time":"2020-11-12T19:18:12Z","timestamp":1605208692475,"mag":4.7,"magType":"mb","depthKm":10.0,"place":"34 km S of Xunchang, China","nearestDam":"向家坝水电站","nearestDamKm":65.46,"nearestBasin":"长江—金沙江干流","corridorDistanceKm":63.75,"source":"USGS FDSN Event Web Service","url":"https://earthquake.usgs.gov/earthquakes/eventpage/us7000cdyw","updated":1611768531040}},{"type":"Feature","id":"us6000cqf0","geometry":{"type":"Point","coordinates":[108.7001,30.7297]},"properties":{"eventId":"us6000cqf0","time":"2020-11-16T15:54:54Z","timestamp":1605542094490,"mag":4.2,"magType":"mb","depthKm":10.0,"place":"32 km ESE of Wanxian, China","nearestDam":"彭水水电站","nearestDamKm":187.47,"nearestBasin":"乌江","corridorDistanceKm":39.07,"source":"USGS FDSN Event Web Service","url":"https://earthquake.usgs.gov/earthquakes/eventpage/us6000cqf0","updated":1611768503040}},{"type":"Feature","id":"us7000ck3i","geometry":{"type":"Point","coordinates":[104.9541,32.2166]},"properties":{"eventId":"us7000ck3i","time":"2020-11-23T14:50:45Z","timestamp":1606143045356,"mag":4.2,"magType":"mb","depthKm":10.0,"place":"54 km NNE of Jiangyou, China","nearestDam":"碧口水电站","nearestDamKm":67.96,"nearestBasin":"嘉陵江","corridorDistanceKm":62.77,"source":"USGS FDSN Event Web Service","url":"https://earthquake.usgs.gov/earthquakes/eventpage/us7000ck3i","updated":1612374625040}},{"type":"Feature","id":"us7000cn1e","geometry":{"type":"Point","coordinates":[99.3985,25.0149]},"properties":{"eventId":"us7000cn1e","time":"2020-12-01T13:39:33Z","timestamp":1606829973505,"mag":4.5,"magType":"mb","depthKm":10.0,"place":"103 km SW of Dali, China","nearestDam":"鲁地拉水电站","nearestDamKm":193.96,"nearestBasin":"长江—金沙江干流","corridorDistanceKm":192.5,"source":"USGS FDSN Event Web Service","url":"https://earthquake.usgs.gov/earthquakes/eventpage/us7000cn1e","updated":1612636193040}},{"type":"Feature","id":"us7000cqb1","geometry":{"type":"Point","coordinates":[104.3594,31.5693]},"properties":{"eventId":"us7000cqb1","time":"2020-12-08T08:49:55Z","timestamp":1607417395518,"mag":4.5,"magType":"mb","depthKm":10.0,"place":"32 km WNW of Mianyang, China","nearestDam":"紫坪铺水利枢纽","nearestDamKm":103.26,"nearestBasin":"岷江","corridorDistanceKm":103.73,"source":"USGS FDSN Event Web Service","url":"https://earthquake.usgs.gov/earthquakes/eventpage/us7000cqb1","updated":1613169687040}},{"type":"Feature","id":"us6000d5fx","geometry":{"type":"Point","coordinates":[104.058,31.4609]},"properties":{"eventId":"us6000d5fx","time":"2020-12-21T21:38:32Z","timestamp":1608586712896,"mag":4.4,"magType":"mb","depthKm":10.0,"place":"47 km NW of Deyang, China","nearestDam":"紫坪铺水利枢纽","nearestDamKm":73.59,"nearestBasin":"岷江","corridorDistanceKm":73.8,"source":"USGS FDSN Event Web Service","url":"https://earthquake.usgs.gov/earthquakes/eventpage/us6000d5fx","updated":1614468276040}},{"type":"Feature","id":"us6000d3nl","geometry":{"type":"Point","coordinates":[104.5157,33.7644]},"properties":{"eventId":"us6000d3nl","time":"2020-12-28T12:46:09Z","timestamp":1609159569409,"mag":4.7,"magType":"mb","depthKm":10.0,"place":"82 km SSW of Mawu, China","nearestDam":"碧口水电站","nearestDamKm":119.79,"nearestBasin":"嘉陵江","corridorDistanceKm":119.37,"source":"USGS FDSN Event Web Service","url":"https://earthquake.usgs.gov/earthquakes/eventpage/us6000d3nl","updated":1615072794040}},{"type":"Feature","id":"us6000d817","geometry":{"type":"Point","coordinates":[105.0555,28.4594]},"properties":{"eventId":"us6000d817","time":"2021-01-03T21:33:23Z","timestamp":1609709603707,"mag":4.2,"magType":"mb","depthKm":10.0,"place":"33 km E of Xunchang, China","nearestDam":"向家坝水电站","nearestDamKm":67.88,"nearestBasin":"长江—金沙江干流","corridorDistanceKm":41.85,"source":"USGS FDSN Event Web Service","url":"https://earthquake.usgs.gov/earthquakes/eventpage/us6000d817","updated":1615676411040}},{"type":"Feature","id":"us6000d5cl","geometry":{"type":"Point","coordinates":[104.0285,29.4293]},"properties":{"eventId":"us6000d5cl","time":"2021-01-04T02:58:29Z","timestamp":1609729109611,"mag":5.0,"magType":"mb","depthKm":10.0,"place":"4 km N of Luocheng, China","nearestDam":"铜街子水电站","nearestDamKm":42.86,"nearestBasin":"大渡河","corridorDistanceKm":6.11,"source":"USGS FDSN Event Web Service","url":"https://earthquake.usgs.gov/earthquakes/eventpage/us6000d5cl","updated":1766429265640}},{"type":"Feature","id":"us7000d26x","geometry":{"type":"Point","coordinates":[105.0397,28.0796]},"properties":{"eventId":"us7000d26x","time":"2021-01-21T19:34:26Z","timestamp":1611257666320,"mag":4.5,"magType":"mb","depthKm":10.0,"place":"52 km SE of Xunchang, China","nearestDam":"向家坝水电站","nearestDamKm":89.19,"nearestBasin":"长江—金沙江干流","corridorDistanceKm":80.64,"source":"USGS FDSN Event Web Service","url":"https://earthquake.usgs.gov/earthquakes/eventpage/us7000d26x","updated":1616879159040}},{"type":"Feature","id":"us7000d2l2","geometry":{"type":"Point","coordinates":[104.1893,28.2318]},"properties":{"eventId":"us7000d2l2","time":"2021-01-23T01:59:12Z","timestamp":1611367152168,"mag":4.9,"magType":"mww","depthKm":10.0,"place":"57 km WSW of Xunchang, China","nearestDam":"向家坝水电站","nearestDamKm":50.14,"nearestBasin":"长江—金沙江干流","corridorDistanceKm":29.42,"source":"USGS FDSN Event Web Service","url":"https://earthquake.usgs.gov/earthquakes/eventpage/us7000d2l2","updated":1660012571973}},{"type":"Feature","id":"us6000di1y","geometry":{"type":"Point","coordinates":[103.4086,27.9824]},"properties":{"eventId":"us6000di1y","time":"2021-02-09T04:28:50Z","timestamp":1612844930508,"mag":4.0,"magType":"mb","depthKm":10.0,"place":"79 km NNW of Zhaotong, China","nearestDam":"溪洛渡水电站","nearestDamKm":38.32,"nearestBasin":"长江—金沙江干流","corridorDistanceKm":11.06,"source":"USGS FDSN Event Web Service","url":"https://earthquake.usgs.gov/earthquakes/eventpage/us6000di1y","updated":1619128312040}},{"type":"Feature","id":"us6000dhrr","geometry":{"type":"Point","coordinates":[104.8966,28.2043]},"properties":{"eventId":"us6000dhrr","time":"2021-02-15T08:23:14Z","timestamp":1613377394486,"mag":4.5,"magType":"mb","depthKm":18.99,"place":"32 km SSE of Xunchang, China","nearestDam":"向家坝水电站","nearestDamKm":69.47,"nearestBasin":"长江—金沙江干流","corridorDistanceKm":62.84,"source":"USGS FDSN Event Web Service","url":"https://earthquake.usgs.gov/earthquakes/eventpage/us6000dhrr","updated":1619211879040}},{"type":"Feature","id":"us7000dem3","geometry":{"type":"Point","coordinates":[103.9867,31.7132]},"properties":{"eventId":"us7000dem3","time":"2021-02-24T04:59:09Z","timestamp":1614142749220,"mag":4.5,"magType":"mb","depthKm":10.0,"place":"69 km W of Jiangyou, China","nearestDam":"紫坪铺水利枢纽","nearestDamKm":91.35,"nearestBasin":"岷江","corridorDistanceKm":91.23,"source":"USGS FDSN Event Web Service","url":"https://earthquake.usgs.gov/earthquakes/eventpage/us7000dem3","updated":1620137808040}},{"type":"Feature","id":"us7000df6p","geometry":{"type":"Point","coordinates":[103.9059,29.2316]},"properties":{"eventId":"us7000df6p","time":"2021-02-26T13:27:32Z","timestamp":1614346052735,"mag":4.5,"magType":"mb","depthKm":17.69,"place":"20 km SW of Luocheng, China","nearestDam":"铜街子水电站","nearestDamKm":26.6,"nearestBasin":"大渡河","corridorDistanceKm":15.86,"source":"USGS FDSN Event Web Service","url":"https://earthquake.usgs.gov/earthquakes/eventpage/us7000df6p","updated":1620945318040}},{"type":"Feature","id":"us7000dg0g","geometry":{"type":"Point","coordinates":[104.816,31.9741]},"properties":{"eventId":"us7000dg0g","time":"2021-03-01T17:44:34Z","timestamp":1614620674951,"mag":4.4,"magType":"mb","depthKm":10.0,"place":"24 km NNE of Jiangyou, China","nearestDam":"亭子口水利枢纽","nearestDamKm":84.97,"nearestBasin":"嘉陵江","corridorDistanceKm":84.86,"source":"USGS FDSN Event Web Service","url":"https://earthquake.usgs.gov/earthquakes/eventpage/us7000dg0g","updated":1620945582040}},{"type":"Feature","id":"us7000dkw0","geometry":{"type":"Point","coordinates":[103.7118,31.8511]},"properties":{"eventId":"us7000dkw0","time":"2021-03-19T10:57:47Z","timestamp":1616151467584,"mag":4.4,"magType":"mb","depthKm":10.0,"place":"95 km W of Jiangyou, China","nearestDam":"紫坪铺水利枢纽","nearestDamKm":96.04,"nearestBasin":"岷江","corridorDistanceKm":95.58,"source":"USGS FDSN Event Web Service","url":"https://earthquake.usgs.gov/earthquakes/eventpage/us7000dkw0","updated":1622647435040}},{"type":"Feature","id":"us6000dwrx","geometry":{"type":"Point","coordinates":[105.0688,28.0386]},"properties":{"eventId":"us6000dwrx","time":"2021-03-20T07:25:41Z","timestamp":1616225141832,"mag":4.2,"magType":"mb","depthKm":10.0,"place":"57 km SE of Xunchang, China","nearestDam":"向家坝水电站","nearestDamKm":94.45,"nearestBasin":"长江—金沙江干流","corridorDistanceKm":85.88,"source":"USGS FDSN Event Web Service","url":"https://earthquake.usgs.gov/earthquakes/eventpage/us6000dwrx","updated":1622647381040}},{"type":"Feature","id":"us6000dy8c","geometry":{"type":"Point","coordinates":[104.8484,28.1667]},"properties":{"eventId":"us6000dy8c","time":"2021-03-26T07:15:29Z","timestamp":1616742929922,"mag":4.2,"magType":"mb","depthKm":10.0,"place":"34 km SSE of Xunchang, China","nearestDam":"向家坝水电站","nearestDamKm":69.37,"nearestBasin":"长江—金沙江干流","corridorDistanceKm":65.09,"source":"USGS FDSN Event Web Service","url":"https://earthquake.usgs.gov/earthquakes/eventpage/us6000dy8c","updated":1623175178040}},{"type":"Feature","id":"us6000e51a","geometry":{"type":"Point","coordinates":[99.7028,30.6109]},"properties":{"eventId":"us6000e51a","time":"2021-04-20T21:26:43Z","timestamp":1618954003876,"mag":4.2,"magType":"mb","depthKm":10.0,"place":"227 km WNW of Kangding, China","nearestDam":"两河口水电站","nearestDamKm":133.62,"nearestBasin":"雅砻江","corridorDistanceKm":134.36,"source":"USGS FDSN Event Web Service","url":"https://earthquake.usgs.gov/earthquakes/eventpage/us6000e51a","updated":1625330989040}},{"type":"Feature","id":"us7000dz02","geometry":{"type":"Point","coordinates":[105.1393,28.1978]},"properties":{"eventId":"us7000dz02","time":"2021-04-26T13:30:20Z","timestamp":1619443820827,"mag":4.2,"magType":"mb","depthKm":37.92,"place":"50 km SE of Xunchang, China","nearestDam":"向家坝水电站","nearestDamKm":88.29,"nearestBasin":"长江—金沙江干流","corridorDistanceKm":71.8,"source":"USGS FDSN Event Web Service","url":"https://earthquake.usgs.gov/earthquakes/eventpage/us7000dz02","updated":1625682928040}},{"type":"Feature","id":"us7000e0qu","geometry":{"type":"Point","coordinates":[103.2503,30.6691]},"properties":{"eventId":"us7000e0qu","time":"2021-04-30T06:00:39Z","timestamp":1619762439551,"mag":4.1,"magType":"mb","depthKm":10.0,"place":"34 km NW of Linqiong, China","nearestDam":"紫坪铺水利枢纽","nearestDamKm":44.25,"nearestBasin":"岷江","corridorDistanceKm":34.06,"source":"USGS FDSN Event Web Service","url":"https://earthquake.usgs.gov/earthquakes/eventpage/us7000e0qu","updated":1625948143040}},{"type":"Feature","id":"us7000e24d","geometry":{"type":"Point","coordinates":[103.9714,32.3251]},"properties":{"eventId":"us7000e24d","time":"2021-05-05T01:51:05Z","timestamp":1620179465956,"mag":4.3,"magType":"mb","depthKm":10.0,"place":"93 km NW of Jiangyou, China","nearestDam":"碧口水电站","nearestDamKm":120.3,"nearestBasin":"嘉陵江","corridorDistanceKm":120.29,"source":"USGS FDSN Event Web Service","url":"https://earthquake.usgs.gov/earthquakes/eventpage/us7000e24d","updated":1625948166040}},{"type":"Feature","id":"us7000e5tr","geometry":{"type":"Point","coordinates":[100.0826,26.7801]},"properties":{"eventId":"us7000e5tr","time":"2021-05-18T10:49:40Z","timestamp":1621334980043,"mag":4.2,"magType":"mb","depthKm":10.0,"place":"16 km SW of Lijiang, China","nearestDam":"金安桥水电站","nearestDamKm":36.3,"nearestBasin":"长江—金沙江干流","corridorDistanceKm":35.7,"source":"USGS FDSN Event Web Service","url":"https://earthquake.usgs.gov/earthquakes/eventpage/us7000e5tr","updated":1627160875040}},{"type":"Feature","id":"us7000e5tu","geometry":{"type":"Point","coordinates":[99.9121,26.4878]},"properties":{"eventId":"us7000e5tu","time":"2021-05-18T12:56:54Z","timestamp":1621342614330,"mag":4.3,"magType":"mb","depthKm":10.0,"place":"52 km SW of Lijiang, China","nearestDam":"龙开口水电站","nearestDamKm":50.16,"nearestBasin":"长江—金沙江干流","corridorDistanceKm":50.17,"source":"USGS FDSN Event Web Service","url":"https://earthquake.usgs.gov/earthquakes/eventpage/us7000e5tu","updated":1627160876040}},{"type":"Feature","id":"us7000e42s","geometry":{"type":"Point","coordinates":[99.4459,26.1305]},"properties":{"eventId":"us7000e42s","time":"2021-05-18T13:39:43Z","timestamp":1621345183954,"mag":4.3,"magType":"mb","depthKm":10.0,"place":"97 km NW of Dali, China","nearestDam":"龙开口水电站","nearestDamKm":106.2,"nearestBasin":"长江—金沙江干流","corridorDistanceKm":106.07,"source":"USGS FDSN Event Web Service","url":"https://earthquake.usgs.gov/earthquakes/eventpage/us7000e42s","updated":1627160877040}},{"type":"Feature","id":"us7000e4f5","geometry":{"type":"Point","coordinates":[99.9677,25.5864]},"properties":{"eventId":"us7000e4f5","time":"2021-05-19T12:05:59Z","timestamp":1621425959072,"mag":4.6,"magType":"mb","depthKm":10.0,"place":"24 km W of Dali, China","nearestDam":"鲁地拉水电站","nearestDamKm":109.02,"nearestBasin":"长江—金沙江干流","corridorDistanceKm":107.33,"source":"USGS FDSN Event Web Service","url":"https://earthquake.usgs.gov/earthquakes/eventpage/us7000e4f5","updated":1627160894040}},{"type":"Feature","id":"us7000e64t","geometry":{"type":"Point","coordinates":[100.0915,25.8208]},"properties":{"eventId":"us7000e64t","time":"2021-05-19T13:13:10Z","timestamp":1621429990739,"mag":4.3,"magType":"mb","depthKm":10.0,"place":"28 km NNW of Dali, China","nearestDam":"鲁地拉水电站","nearestDamKm":83.9,"nearestBasin":"长江—金沙江干流","corridorDistanceKm":79.77,"source":"USGS FDSN Event Web Service","url":"https://earthquake.usgs.gov/earthquakes/eventpage/us7000e64t","updated":1627160895040}},{"type":"Feature","id":"us7000e4iz","geometry":{"type":"Point","coordinates":[100.2228,25.751]},"properties":{"eventId":"us7000e4iz","time":"2021-05-19T17:58:59Z","timestamp":1621447139912,"mag":4.1,"magType":"mb","depthKm":10.0,"place":"18 km N of Dali, China","nearestDam":"鲁地拉水电站","nearestDamKm":77.65,"nearestBasin":"长江—金沙江干流","corridorDistanceKm":76.72,"source":"USGS FDSN Event Web Service","url":"https://earthquake.usgs.gov/earthquakes/eventpage/us7000e4iz","updated":1627160901040}},{"type":"Feature","id":"us7000e51a","geometry":{"type":"Point","coordinates":[99.9889,25.6579]},"properties":{"eventId":"us7000e51a","time":"2021-05-21T12:56:05Z","timestamp":1621601765004,"mag":4.6,"magType":"mb","depthKm":10.0,"place":"23 km WNW of Dali, China","nearestDam":"鲁地拉水电站","nearestDamKm":102.48,"nearestBasin":"长江—金沙江干流","corridorDistanceKm":100.03,"source":"USGS FDSN Event Web Service","url":"https://earthquake.usgs.gov/earthquakes/eventpage/us7000e51a","updated":1627769278040}},{"type":"Feature","id":"us7000e524","geometry":{"type":"Point","coordinates":[100.0183,25.6924]},"properties":{"eventId":"us7000e524","time":"2021-05-21T13:21:26Z","timestamp":1621603286713,"mag":5.2,"magType":"mww","depthKm":10.0,"place":"22 km WNW of Dali, China","nearestDam":"鲁地拉水电站","nearestDamKm":97.84,"nearestBasin":"长江—金沙江干流","corridorDistanceKm":95.22,"source":"USGS FDSN Event Web Service","url":"https://earthquake.usgs.gov/earthquakes/eventpage/us7000e524","updated":1766430044289}},{"type":"Feature","id":"us6000ef4u","geometry":{"type":"Point","coordinates":[99.9993,25.5476]},"properties":{"eventId":"us6000ef4u","time":"2021-05-21T13:21:59Z","timestamp":1621603319864,"mag":5.1,"magType":"mb","depthKm":10.0,"place":"21 km W of Dali, China","nearestDam":"鲁地拉水电站","nearestDamKm":109.41,"nearestBasin":"长江—金沙江干流","corridorDistanceKm":108.4,"source":"USGS FDSN Event Web Service","url":"https://earthquake.usgs.gov/earthquakes/eventpage/us6000ef4u","updated":1627769279040}},{"type":"Feature","id":"us7000e532","geometry":{"type":"Point","coordinates":[100.0082,25.7274]},"properties":{"eventId":"us7000e532","time":"2021-05-21T13:48:37Z","timestamp":1621604917193,"mag":6.1,"magType":"mww","depthKm":9.0,"place":"25 km NW of Dali, China","nearestDam":"鲁地拉水电站","nearestDamKm":96.48,"nearestBasin":"长江—金沙江干流","corridorDistanceKm":93.02,"source":"USGS FDSN Event Web Service","url":"https://earthquake.usgs.gov/earthquakes/eventpage/us7000e532","updated":1766430426570}},{"type":"Feature","id":"us6000ef2w","geometry":{"type":"Point","coordinates":[100.0176,25.8236]},"properties":{"eventId":"us6000ef2w","time":"2021-05-21T13:55:32Z","timestamp":1621605332019,"mag":5.0,"magType":"mb","depthKm":10.0,"place":"32 km NW of Dali, China","nearestDam":"龙开口水电站","nearestDamKm":87.91,"nearestBasin":"长江—金沙江干流","corridorDistanceKm":84.48,"source":"USGS FDSN Event Web Service","url":"https://earthquake.usgs.gov/earthquakes/eventpage/us6000ef2w","updated":1627769280040}},{"type":"Feature","id":"us6000ef3f","geometry":{"type":"Point","coordinates":[100.1301,25.838]},"properties":{"eventId":"us6000ef3f","time":"2021-05-21T13:56:40Z","timestamp":1621605400871,"mag":5.0,"magType":"mb","depthKm":10.0,"place":"29 km NNW of Dali, China","nearestDam":"鲁地拉水电站","nearestDamKm":79.61,"nearestBasin":"长江—金沙江干流","corridorDistanceKm":75.77,"source":"USGS FDSN Event Web Service","url":"https://earthquake.usgs.gov/earthquakes/eventpage/us6000ef3f","updated":1627769281040}},{"type":"Feature","id":"us7000e53a","geometry":{"type":"Point","coordinates":[99.9907,25.6815]},"properties":{"eventId":"us7000e53a","time":"2021-05-21T14:31:12Z","timestamp":1621607472001,"mag":5.1,"magType":"mww","depthKm":10.0,"place":"24 km WNW of Dali, China","nearestDam":"鲁地拉水电站","nearestDamKm":100.8,"nearestBasin":"长江—金沙江干流","corridorDistanceKm":97.97,"source":"USGS FDSN Event Web Service","url":"https://earthquake.usgs.gov/earthquakes/eventpage/us7000e53a","updated":1766430040669}},{"type":"Feature","id":"us6000ef3n","geometry":{"type":"Point","coordinates":[100.6098,25.4865]},"properties":{"eventId":"us6000ef3n","time":"2021-05-21T14:52:07Z","timestamp":1621608727367,"mag":4.1,"magType":"mb","depthKm":10.0,"place":"41 km ESE of Dali, China","nearestDam":"鲁地拉水电站","nearestDamKm":82.14,"nearestBasin":"长江—金沙江干流","corridorDistanceKm":81.71,"source":"USGS FDSN Event Web Service","url":"https://earthquake.usgs.gov/earthquakes/eventpage/us6000ef3n","updated":1627769282040}},{"type":"Feature","id":"us7000e53i","geometry":{"type":"Point","coordinates":[100.2397,25.6603]},"properties":{"eventId":"us7000e53i","time":"2021-05-21T15:23:37Z","timestamp":1621610617347,"mag":4.5,"magType":"mb","depthKm":10.0,"place":"8 km NNE of Dali, China","nearestDam":"鲁地拉水电站","nearestDamKm":83.35,"nearestBasin":"长江—金沙江干流","corridorDistanceKm":83.04,"source":"USGS FDSN Event Web Service","url":"https://earthquake.usgs.gov/earthquakes/eventpage/us7000e53i","updated":1627769282040}},{"type":"Feature","id":"us7000e543","geometry":{"type":"Point","coordinates":[100.0097,25.7324]},"properties":{"eventId":"us7000e543","time":"2021-05-21T16:51:43Z","timestamp":1621615903954,"mag":4.4,"magType":"mb","depthKm":10.0,"place":"26 km NW of Dali, China","nearestDam":"鲁地拉水电站","nearestDamKm":96.05,"nearestBasin":"长江—金沙江干流","corridorDistanceKm":92.51,"source":"USGS FDSN Event Web Service","url":"https://earthquake.usgs.gov/earthquakes/eventpage/us7000e543","updated":1627769284040}},{"type":"Feature","id":"us7000e54e","geometry":{"type":"Point","coordinates":[100.056,25.6631]},"properties":{"eventId":"us7000e54e","time":"2021-05-21T17:36:07Z","timestamp":1621618567635,"mag":4.3,"magType":"mb","depthKm":10.0,"place":"17 km WNW of Dali, China","nearestDam":"鲁地拉水电站","nearestDamKm":96.78,"nearestBasin":"长江—金沙江干流","corridorDistanceKm":95.11,"source":"USGS FDSN Event Web Service","url":"https://earthquake.usgs.gov/earthquakes/eventpage/us7000e54e","updated":1627769285040}},{"type":"Feature","id":"us6000ef38","geometry":{"type":"Point","coordinates":[105.3272,28.1796]},"properties":{"eventId":"us6000ef38","time":"2021-05-21T17:38:05Z","timestamp":1621618685254,"mag":4.3,"magType":"mb","depthKm":10.0,"place":"67 km ESE of Xunchang, China","nearestDam":"向家坝水电站","nearestDamKm":104.98,"nearestBasin":"长江—金沙江干流","corridorDistanceKm":80.09,"source":"USGS FDSN Event Web Service","url":"https://earthquake.usgs.gov/earthquakes/eventpage/us6000ef38","updated":1627769285040}},{"type":"Feature","id":"us7000e54p","geometry":{"type":"Point","coordinates":[100.2762,25.689]},"properties":{"eventId":"us7000e54p","time":"2021-05-21T17:50:18Z","timestamp":1621619418844,"mag":4.2,"magType":"mb","depthKm":10.0,"place":"13 km NNE of Dali, China","nearestDam":"鲁地拉水电站","nearestDamKm":78.52,"nearestBasin":"长江—金沙江干流","corridorDistanceKm":78.24,"source":"USGS FDSN Event Web Service","url":"https://earthquake.usgs.gov/earthquakes/eventpage/us7000e54p","updated":1627769286040}},{"type":"Feature","id":"us6000ef4a","geometry":{"type":"Point","coordinates":[99.978,25.6714]},"properties":{"eventId":"us6000ef4a","time":"2021-05-21T18:28:45Z","timestamp":1621621725508,"mag":4.9,"magType":"mb","depthKm":10.0,"place":"25 km WNW of Dali, China","nearestDam":"鲁地拉水电站","nearestDamKm":102.48,"nearestBasin":"长江—金沙江干流","corridorDistanceKm":99.65,"source":"USGS FDSN Event Web Service","url":"https://earthquake.usgs.gov/earthquakes/eventpage/us6000ef4a","updated":1627769288040}},{"type":"Feature","id":"us6000ef3r","geometry":{"type":"Point","coordinates":[99.9773,25.7154]},"properties":{"eventId":"us6000ef3r","time":"2021-05-21T20:10:59Z","timestamp":1621627859176,"mag":4.1,"magType":"mb","depthKm":10.0,"place":"27 km WNW of Dali, China","nearestDam":"鲁地拉水电站","nearestDamKm":99.8,"nearestBasin":"长江—金沙江干流","corridorDistanceKm":96.08,"source":"USGS FDSN Event Web Service","url":"https://earthquake.usgs.gov/earthquakes/eventpage/us6000ef3r","updated":1627769293040}},{"type":"Feature","id":"us7000e580","geometry":{"type":"Point","coordinates":[99.9459,25.7146]},"properties":{"eventId":"us7000e580","time":"2021-05-22T01:48:03Z","timestamp":1621648083901,"mag":4.4,"magType":"mb","depthKm":10.0,"place":"30 km WNW of Dali, China","nearestDam":"龙开口水电站","nearestDamKm":101.96,"nearestBasin":"长江—金沙江干流","corridorDistanceKm":98.24,"source":"USGS FDSN Event Web Service","url":"https://earthquake.usgs.gov/earthquakes/eventpage/us7000e580","updated":1627769301040}},{"type":"Feature","id":"us7000e5an","geometry":{"type":"Point","coordinates":[100.0706,25.709]},"properties":{"eventId":"us7000e5an","time":"2021-05-22T12:14:37Z","timestamp":1621685677916,"mag":4.7,"magType":"mb","depthKm":10.0,"place":"19 km NW of Dali, China","nearestDam":"鲁地拉水电站","nearestDamKm":92.52,"nearestBasin":"长江—金沙江干流","corridorDistanceKm":90.36,"source":"USGS FDSN Event Web Service","url":"https://earthquake.usgs.gov/earthquakes/eventpage/us7000e5an","updated":1627769311040}},{"type":"Feature","id":"us6000ef1y","geometry":{"type":"Point","coordinates":[99.5437,26.2866]},"properties":{"eventId":"us6000ef1y","time":"2021-05-27T11:52:54Z","timestamp":1622116374985,"mag":4.2,"magType":"mb","depthKm":10.0,"place":"93 km SW of Lijiang, China","nearestDam":"龙开口水电站","nearestDamKm":90.79,"nearestBasin":"长江—金沙江干流","corridorDistanceKm":90.74,"source":"USGS FDSN Event Web Service","url":"https://earthquake.usgs.gov/earthquakes/eventpage/us6000ef1y","updated":1627769414040}},{"type":"Feature","id":"us6000eff8","geometry":{"type":"Point","coordinates":[100.1467,25.5796]},"properties":{"eventId":"us6000eff8","time":"2021-05-28T12:43:19Z","timestamp":1622205799260,"mag":4.2,"magType":"mb","depthKm":10.0,"place":"6 km W of Dali, China","nearestDam":"鲁地拉水电站","nearestDamKm":96.28,"nearestBasin":"长江—金沙江干流","corridorDistanceKm":95.9,"source":"USGS FDSN Event Web Service","url":"https://earthquake.usgs.gov/earthquakes/eventpage/us6000eff8","updated":1628373941040}},{"type":"Feature","id":"us7000e9v4","geometry":{"type":"Point","coordinates":[100.1814,25.6398]},"properties":{"eventId":"us7000e9v4","time":"2021-06-04T22:12:25Z","timestamp":1622844745146,"mag":4.1,"magType":"mb","depthKm":10.0,"place":"6 km NNW of Dali, China","nearestDam":"鲁地拉水电站","nearestDamKm":89.07,"nearestBasin":"长江—金沙江干流","corridorDistanceKm":88.63,"source":"USGS FDSN Event Web Service","url":"https://earthquake.usgs.gov/earthquakes/eventpage/us7000e9v4","updated":1629840940040}},{"type":"Feature","id":"us7000ed8v","geometry":{"type":"Point","coordinates":[102.7208,25.0275]},"properties":{"eventId":"us7000ed8v","time":"2021-06-10T11:58:41Z","timestamp":1623326321314,"mag":4.5,"magType":"mb","depthKm":10.0,"place":"1 km S of Kunming, China","nearestDam":"乌东德水电站","nearestDamKm":144.52,"nearestBasin":"长江—金沙江干流","corridorDistanceKm":143.71,"source":"USGS FDSN Event Web Service","url":"https://earthquake.usgs.gov/earthquakes/eventpage/us7000ed8v","updated":1629840785040}},{"type":"Feature","id":"us7000ecsq","geometry":{"type":"Point","coordinates":[104.4437,31.9442]},"properties":{"eventId":"us7000ecsq","time":"2021-06-13T20:02:37Z","timestamp":1623614557564,"mag":4.3,"magType":"mb","depthKm":10.0,"place":"32 km NW of Jiangyou, China","nearestDam":"碧口水电站","nearestDamKm":115.4,"nearestBasin":"嘉陵江","corridorDistanceKm":114.93,"source":"USGS FDSN Event Web Service","url":"https://earthquake.usgs.gov/earthquakes/eventpage/us7000ecsq","updated":1630015156040}},{"type":"Feature","id":"us7000eeyy","geometry":{"type":"Point","coordinates":[102.4703,24.8636]},"properties":{"eventId":"us7000eeyy","time":"2021-06-16T07:35:39Z","timestamp":1623828939164,"mag":4.4,"magType":"mb","depthKm":10.0,"place":"6 km SSW of Lianran, China","nearestDam":"乌东德水电站","nearestDamKm":163.31,"nearestBasin":"长江—金沙江干流","corridorDistanceKm":162.4,"source":"USGS FDSN Event Web Service","url":"https://earthquake.usgs.gov/earthquakes/eventpage/us7000eeyy","updated":1630015165040}},{"type":"Feature","id":"us7000efbx","geometry":{"type":"Point","coordinates":[105.0197,32.1968]},"properties":{"eventId":"us7000efbx","time":"2021-06-22T21:11:28Z","timestamp":1624396288757,"mag":4.5,"magType":"mb","depthKm":10.0,"place":"55 km NNE of Jiangyou, China","nearestDam":"亭子口水利枢纽","nearestDamKm":65.66,"nearestBasin":"嘉陵江","corridorDistanceKm":61.04,"source":"USGS FDSN Event Web Service","url":"https://earthquake.usgs.gov/earthquakes/eventpage/us7000efbx","updated":1630090708040}},{"type":"Feature","id":"us6000er2g","geometry":{"type":"Point","coordinates":[102.6443,27.6128]},"properties":{"eventId":"us6000er2g","time":"2021-06-25T10:20:46Z","timestamp":1624616446017,"mag":4.2,"magType":"mb","depthKm":10.0,"place":"48 km SE of Xichang, China","nearestDam":"官地水电站","nearestDamKm":78.84,"nearestBasin":"雅砻江","corridorDistanceKm":67.46,"source":"USGS FDSN Event Web Service","url":"https://earthquake.usgs.gov/earthquakes/eventpage/us6000er2g","updated":1631225164040}},{"type":"Feature","id":"us7000ei8q","geometry":{"type":"Point","coordinates":[100.0072,25.7746]},"properties":{"eventId":"us7000ei8q","time":"2021-06-28T22:41:29Z","timestamp":1624920089665,"mag":4.1,"magType":"mb","depthKm":10.0,"place":"29 km NW of Dali, China","nearestDam":"龙开口水电站","nearestDamKm":93.26,"nearestBasin":"长江—金沙江干流","corridorDistanceKm":89.21,"source":"USGS FDSN Event Web Service","url":"https://earthquake.usgs.gov/earthquakes/eventpage/us7000ei8q","updated":1631225204040}},{"type":"Feature","id":"us7000ej6z","geometry":{"type":"Point","coordinates":[105.0299,28.1099]},"properties":{"eventId":"us7000ej6z","time":"2021-07-06T20:19:29Z","timestamp":1625602769108,"mag":4.5,"magType":"mb","depthKm":10.0,"place":"49 km SE of Xunchang, China","nearestDam":"向家坝水电站","nearestDamKm":86.15,"nearestBasin":"长江—金沙江干流","corridorDistanceKm":77.16,"source":"USGS FDSN Event Web Service","url":"https://earthquake.usgs.gov/earthquakes/eventpage/us7000ej6z","updated":1631304498040}},{"type":"Feature","id":"us7000elwm","geometry":{"type":"Point","coordinates":[103.4915,30.9335]},"properties":{"eventId":"us7000elwm","time":"2021-07-14T15:36:07Z","timestamp":1626276967835,"mag":5.0,"magType":"mb","depthKm":10.0,"place":"43 km W of Tianpeng, China","nearestDam":"紫坪铺水利枢纽","nearestDamKm":8.24,"nearestBasin":"岷江","corridorDistanceKm":2.81,"source":"USGS FDSN Event Web Service","url":"https://earthquake.usgs.gov/earthquakes/eventpage/us7000elwm","updated":1631919027040}},{"type":"Feature","id":"us6000exzu","geometry":{"type":"Point","coordinates":[104.6416,32.1573]},"properties":{"eventId":"us6000exzu","time":"2021-07-16T07:59:49Z","timestamp":1626422389462,"mag":4.5,"magType":"mb","depthKm":10.0,"place":"43 km N of Jiangyou, China","nearestDam":"碧口水电站","nearestDamKm":85.4,"nearestBasin":"嘉陵江","corridorDistanceKm":84.95,"source":"USGS FDSN Event Web Service","url":"https://earthquake.usgs.gov/earthquakes/eventpage/us6000exzu","updated":1632604068040}},{"type":"Feature","id":"us6000ezeu","geometry":{"type":"Point","coordinates":[103.1328,27.5429]},"properties":{"eventId":"us6000ezeu","time":"2021-07-20T19:01:19Z","timestamp":1626807679984,"mag":4.3,"magType":"mb","depthKm":10.0,"place":"62 km WNW of Zhaotong, China","nearestDam":"白鹤滩水电站","nearestDamKm":92.54,"nearestBasin":"长江—金沙江干流","corridorDistanceKm":19.58,"source":"USGS FDSN Event Web Service","url":"https://earthquake.usgs.gov/earthquakes/eventpage/us6000ezeu","updated":1632604101040}},{"type":"Feature","id":"us6000ey9z","geometry":{"type":"Point","coordinates":[105.5143,29.2741]},"properties":{"eventId":"us6000ey9z","time":"2021-07-23T12:55:25Z","timestamp":1627044925294,"mag":4.6,"magType":"mb","depthKm":35.0,"place":"4 km ESE of Qingjiang, China","nearestDam":"草街航电枢纽","nearestDamKm":110.03,"nearestBasin":"嘉陵江","corridorDistanceKm":26.82,"source":"USGS FDSN Event Web Service","url":"https://earthquake.usgs.gov/earthquakes/eventpage/us6000ey9z","updated":1705529929715}},{"type":"Feature","id":"us6000f7k5","geometry":{"type":"Point","coordinates":[99.9762,25.7687]},"properties":{"eventId":"us6000f7k5","time":"2021-08-17T16:23:45Z","timestamp":1629217425456,"mag":4.3,"magType":"mb","depthKm":10.0,"place":"31 km NW of Dali, China","nearestDam":"龙开口水电站","nearestDamKm":95.23,"nearestBasin":"长江—金沙江干流","corridorDistanceKm":91.77,"source":"USGS FDSN Event Web Service","url":"https://earthquake.usgs.gov/earthquakes/eventpage/us6000f7k5","updated":1635518785040}},{"type":"Feature","id":"us6000f97j","geometry":{"type":"Point","coordinates":[105.4197,27.1864]},"properties":{"eventId":"us6000f97j","time":"2021-08-21T02:20:11Z","timestamp":1629512411736,"mag":4.9,"magType":"mb","depthKm":10.0,"place":"18 km SE of Bijie, China","nearestDam":"洪家渡水电站","nearestDamKm":55.58,"nearestBasin":"乌江","corridorDistanceKm":55.51,"source":"USGS FDSN Event Web Service","url":"https://earthquake.usgs.gov/earthquakes/eventpage/us6000f97j","updated":1766441644007}},{"type":"Feature","id":"us7000f74l","geometry":{"type":"Point","coordinates":[105.4069,29.2388]},"properties":{"eventId":"us7000f74l","time":"2021-08-24T11:06:35Z","timestamp":1629803195024,"mag":4.4,"magType":"mb","depthKm":10.0,"place":"49 km WSW of Yongchuan, China","nearestDam":"向家坝水电站","nearestDamKm":118.64,"nearestBasin":"长江—金沙江干流","corridorDistanceKm":26.83,"source":"USGS FDSN Event Web Service","url":"https://earthquake.usgs.gov/earthquakes/eventpage/us7000f74l","updated":1635864982040}},{"type":"Feature","id":"us7000f99t","geometry":{"type":"Point","coordinates":[105.5532,28.5184]},"properties":{"eventId":"us7000f99t","time":"2021-08-30T15:28:25Z","timestamp":1630337305772,"mag":4.4,"magType":"mb","depthKm":10.0,"place":"46 km WSW of Changsha, China","nearestDam":"向家坝水电站","nearestDamKm":114.11,"nearestBasin":"长江—金沙江干流","corridorDistanceKm":52.73,"source":"USGS FDSN Event Web Service","url":"https://earthquake.usgs.gov/earthquakes/eventpage/us7000f99t","updated":1636230525040}},{"type":"Feature","id":"us7000f9ec","geometry":{"type":"Point","coordinates":[105.17,28.1227]},"properties":{"eventId":"us7000f9ec","time":"2021-08-31T22:37:46Z","timestamp":1630449466563,"mag":4.4,"magType":"mb","depthKm":10.0,"place":"57 km SE of Xunchang, China","nearestDam":"向家坝水电站","nearestDamKm":95.64,"nearestBasin":"长江—金沙江干流","corridorDistanceKm":80.62,"source":"USGS FDSN Event Web Service","url":"https://earthquake.usgs.gov/earthquakes/eventpage/us7000f9ec","updated":1636230515040}},{"type":"Feature","id":"us7000f7g2","geometry":{"type":"Point","coordinates":[104.9834,28.1266]},"properties":{"eventId":"us7000f7g2","time":"2021-09-03T13:30:39Z","timestamp":1630675839390,"mag":5.0,"magType":"mb","depthKm":10.0,"place":"44 km SE of Xunchang, China","nearestDam":"向家坝水电站","nearestDamKm":81.59,"nearestBasin":"长江—金沙江干流","corridorDistanceKm":73.85,"source":"USGS FDSN Event Web Service","url":"https://earthquake.usgs.gov/earthquakes/eventpage/us7000f7g2","updated":1637169564040}},{"type":"Feature","id":"us7000fa1m","geometry":{"type":"Point","coordinates":[103.8163,33.0835]},"properties":{"eventId":"us7000fa1m","time":"2021-09-04T20:03:55Z","timestamp":1630785835813,"mag":4.3,"magType":"mb","depthKm":10.0,"place":"168 km NNW of Jiangyou, China","nearestDam":"碧口水电站","nearestDamKm":125.14,"nearestBasin":"嘉陵江","corridorDistanceKm":125.43,"source":"USGS FDSN Event Web Service","url":"https://earthquake.usgs.gov/earthquakes/eventpage/us7000fa1m","updated":1637169693040}},{"type":"Feature","id":"us7000fbky","geometry":{"type":"Point","coordinates":[105.365,29.1944]},"properties":{"eventId":"us7000fbky","time":"2021-09-15T20:33:31Z","timestamp":1631738011851,"mag":5.4,"magType":"mww","depthKm":7.12,"place":"52 km SE of Neijiang, China","nearestDam":"向家坝水电站","nearestDamKm":112.54,"nearestBasin":"长江—金沙江干流","corridorDistanceKm":23.66,"source":"USGS FDSN Event Web Service","url":"https://earthquake.usgs.gov/earthquakes/eventpage/us7000fbky","updated":1766441776930}},{"type":"Feature","id":"us7000fevu","geometry":{"type":"Point","coordinates":[103.6929,28.3685]},"properties":{"eventId":"us7000fevu","time":"2021-09-22T12:59:56Z","timestamp":1632315596921,"mag":4.4,"magType":"mb","depthKm":10.0,"place":"100 km W of Xunchang, China","nearestDam":"溪洛渡水电站","nearestDamKm":13.23,"nearestBasin":"长江—金沙江干流","corridorDistanceKm":8.14,"source":"USGS FDSN Event Web Service","url":"https://earthquake.usgs.gov/earthquakes/eventpage/us7000fevu","updated":1638543725040}},{"type":"Feature","id":"us7000fdvz","geometry":{"type":"Point","coordinates":[105.0229,28.009]},"properties":{"eventId":"us7000fdvz","time":"2021-09-23T20:08:34Z","timestamp":1632427714927,"mag":4.6,"magType":"mb","depthKm":10.0,"place":"57 km SSE of Xunchang, China","nearestDam":"向家坝水电站","nearestDamKm":93.82,"nearestBasin":"长江—金沙江干流","corridorDistanceKm":87.37,"source":"USGS FDSN Event Web Service","url":"https://earthquake.usgs.gov/earthquakes/eventpage/us7000fdvz","updated":1638543720040}},{"type":"Feature","id":"us6000fq6k","geometry":{"type":"Point","coordinates":[105.4909,29.1641]},"properties":{"eventId":"us6000fq6k","time":"2021-09-24T18:16:34Z","timestamp":1632507394526,"mag":4.4,"magType":"mb","depthKm":10.0,"place":"44 km WSW of Yongchuan, China","nearestDam":"草街航电枢纽","nearestDamKm":119.9,"nearestBasin":"嘉陵江","corridorDistanceKm":16.23,"source":"USGS FDSN Event Web Service","url":"https://earthquake.usgs.gov/earthquakes/eventpage/us6000fq6k","updated":1638628085040}},{"type":"Feature","id":"us6000fsm5","geometry":{"type":"Point","coordinates":[104.8433,29.652]},"properties":{"eventId":"us6000fsm5","time":"2021-10-02T13:21:50Z","timestamp":1633180910603,"mag":4.4,"magType":"mb","depthKm":10.0,"place":"14 km S of Chonglong, China","nearestDam":"向家坝水电站","nearestDamKm":120.14,"nearestBasin":"长江—金沙江干流","corridorDistanceKm":76.38,"source":"USGS FDSN Event Web Service","url":"https://earthquake.usgs.gov/earthquakes/eventpage/us6000fsm5","updated":1639170858040}},{"type":"Feature","id":"us6000fviw","geometry":{"type":"Point","coordinates":[104.1048,29.2518]},"properties":{"eventId":"us6000fviw","time":"2021-10-18T00:37:01Z","timestamp":1634517421279,"mag":4.6,"magType":"mb","depthKm":10.0,"place":"16 km SSE of Luocheng, China","nearestDam":"铜街子水电站","nearestDamKm":45.75,"nearestBasin":"大渡河","corridorDistanceKm":5.31,"source":"USGS FDSN Event Web Service","url":"https://earthquake.usgs.gov/earthquakes/eventpage/us6000fviw","updated":1640473124040}},{"type":"Feature","id":"us7000fptc","geometry":{"type":"Point","coordinates":[104.2041,30.0278]},"properties":{"eventId":"us7000fptc","time":"2021-10-26T02:00:59Z","timestamp":1635213659237,"mag":4.7,"magType":"mb","depthKm":10.0,"place":"44 km WSW of Yanjiang, China","nearestDam":"铜街子水电站","nearestDamKm":101.98,"nearestBasin":"大渡河","corridorDistanceKm":30.86,"source":"USGS FDSN Event Web Service","url":"https://earthquake.usgs.gov/earthquakes/eventpage/us7000fptc","updated":1641663825040}},{"type":"Feature","id":"us7000fsx9","geometry":{"type":"Point","coordinates":[104.8251,29.6678]},"properties":{"eventId":"us7000fsx9","time":"2021-11-10T08:39:52Z","timestamp":1636533592835,"mag":4.3,"magType":"mb","depthKm":10.0,"place":"12 km SSW of Chonglong, China","nearestDam":"向家坝水电站","nearestDamKm":121.16,"nearestBasin":"长江—金沙江干流","corridorDistanceKm":75.26,"source":"USGS FDSN Event Web Service","url":"https://earthquake.usgs.gov/earthquakes/eventpage/us7000fsx9","updated":1642279904040}},{"type":"Feature","id":"us7000ftet","geometry":{"type":"Point","coordinates":[105.1558,28.0844]},"properties":{"eventId":"us7000ftet","time":"2021-11-12T01:50:56Z","timestamp":1636681856491,"mag":4.7,"magType":"mb","depthKm":10.0,"place":"59 km SE of Xunchang, China","nearestDam":"向家坝水电站","nearestDamKm":97.23,"nearestBasin":"长江—金沙江干流","corridorDistanceKm":84.1,"source":"USGS FDSN Event Web Service","url":"https://earthquake.usgs.gov/earthquakes/eventpage/us7000ftet","updated":1642884705040}},{"type":"Feature","id":"us7000fuvg","geometry":{"type":"Point","coordinates":[104.803,28.2221]},"properties":{"eventId":"us7000fuvg","time":"2021-11-17T15:36:21Z","timestamp":1637163381998,"mag":4.9,"magType":"mb","depthKm":10.0,"place":"27 km SSE of Xunchang, China","nearestDam":"向家坝水电站","nearestDamKm":61.79,"nearestBasin":"长江—金沙江干流","corridorDistanceKm":57.8,"source":"USGS FDSN Event Web Service","url":"https://earthquake.usgs.gov/earthquakes/eventpage/us7000fuvg","updated":1766442021177}},{"type":"Feature","id":"us7000fvxp","geometry":{"type":"Point","coordinates":[104.8117,28.5138]},"properties":{"eventId":"us7000fvxp","time":"2021-11-21T10:51:01Z","timestamp":1637491861753,"mag":4.6,"magType":"mb","depthKm":10.0,"place":"11 km NE of Xunchang, China","nearestDam":"向家坝水电站","nearestDamKm":43.37,"nearestBasin":"长江—金沙江干流","corridorDistanceKm":27.9,"source":"USGS FDSN Event Web Service","url":"https://earthquake.usgs.gov/earthquakes/eventpage/us7000fvxp","updated":1643496914040}},{"type":"Feature","id":"us7000fwns","geometry":{"type":"Point","coordinates":[106.6865,26.8946]},"properties":{"eventId":"us7000fwns","time":"2021-11-24T09:16:39Z","timestamp":1637745399961,"mag":4.9,"magType":"mb","depthKm":10.0,"place":"34 km N of Guiyang, China","nearestDam":"索风营水电站","nearestDamKm":32.98,"nearestBasin":"乌江","corridorDistanceKm":29.85,"source":"USGS FDSN Event Web Service","url":"https://earthquake.usgs.gov/earthquakes/eventpage/us7000fwns","updated":1643496939040}},{"type":"Feature","id":"us6000g80u","geometry":{"type":"Point","coordinates":[104.9714,28.391]},"properties":{"eventId":"us6000g80u","time":"2021-11-30T21:39:35Z","timestamp":1638308375166,"mag":4.7,"magType":"mb","depthKm":10.0,"place":"26 km ESE of Xunchang, China","nearestDam":"向家坝水电站","nearestDamKm":63.15,"nearestBasin":"长江—金沙江干流","corridorDistanceKm":46.06,"source":"USGS FDSN Event Web Service","url":"https://earthquake.usgs.gov/earthquakes/eventpage/us6000g80u","updated":1644102215040}},{"type":"Feature","id":"us6000gb55","geometry":{"type":"Point","coordinates":[105.2266,27.5448]},"properties":{"eventId":"us6000gb55","time":"2021-12-10T11:25:37Z","timestamp":1639135537131,"mag":4.4,"magType":"mb","depthKm":14.35,"place":"27 km NNW of Bijie, China","nearestDam":"洪家渡水电站","nearestDamKm":97.28,"nearestBasin":"乌江","corridorDistanceKm":97.05,"source":"USGS FDSN Event Web Service","url":"https://earthquake.usgs.gov/earthquakes/eventpage/us6000gb55","updated":1645736377040}},{"type":"Feature","id":"us7000g8yz","geometry":{"type":"Point","coordinates":[101.2112,31.9167]},"properties":{"eventId":"us7000g8yz","time":"2021-12-21T02:18:37Z","timestamp":1640053117582,"mag":4.4,"magType":"mb","depthKm":15.36,"place":"223 km NNW of Kangding, China","nearestDam":"猴子岩水电站","nearestDamKm":171.54,"nearestBasin":"大渡河","corridorDistanceKm":171.08,"source":"USGS FDSN Event Web Service","url":"https://earthquake.usgs.gov/earthquakes/eventpage/us7000g8yz","updated":1646152721040}},{"type":"Feature","id":"us7000g9jm","geometry":{"type":"Point","coordinates":[102.3207,26.2159]},"properties":{"eventId":"us7000g9jm","time":"2021-12-24T07:58:31Z","timestamp":1640332711562,"mag":4.4,"magType":"mb","depthKm":10.0,"place":"71 km ESE of Dadukou, China","nearestDam":"乌东德水电站","nearestDamKm":33.51,"nearestBasin":"长江—金沙江干流","corridorDistanceKm":17.44,"source":"USGS FDSN Event Web Service","url":"https://earthquake.usgs.gov/earthquakes/eventpage/us7000g9jm","updated":1646521861040}},{"type":"Feature","id":"us7000g8fk","geometry":{"type":"Point","coordinates":[100.7176,27.7998]},"properties":{"eventId":"us7000g8fk","time":"2022-01-02T07:02:13Z","timestamp":1641106933733,"mag":5.4,"magType":"mww","depthKm":35.68,"place":"99 km E of Shangri-La, China","nearestDam":"梨园水电站","nearestDamKm":44.11,"nearestBasin":"长江—金沙江干流","corridorDistanceKm":43.14,"source":"USGS FDSN Event Web Service","url":"https://earthquake.usgs.gov/earthquakes/eventpage/us7000g8fk","updated":1648406926968}},{"type":"Feature","id":"us7000g97u","geometry":{"type":"Point","coordinates":[100.5876,27.8527]},"properties":{"eventId":"us7000g97u","time":"2022-01-05T09:52:52Z","timestamp":1641376372015,"mag":4.7,"magType":"mb","depthKm":10.0,"place":"86 km E of Shangri-La, China","nearestDam":"梨园水电站","nearestDamKm":35.02,"nearestBasin":"长江—金沙江干流","corridorDistanceKm":35.02,"source":"USGS FDSN Event Web Service","url":"https://earthquake.usgs.gov/earthquakes/eventpage/us7000g97u","updated":1647123549040}},{"type":"Feature","id":"us7000gcnu","geometry":{"type":"Point","coordinates":[104.8185,28.487]},"properties":{"eventId":"us7000gcnu","time":"2022-01-07T17:08:42Z","timestamp":1641575322738,"mag":4.4,"magType":"mb","depthKm":10.0,"place":"10 km ENE of Xunchang, China","nearestDam":"向家坝水电站","nearestDamKm":45.08,"nearestBasin":"长江—金沙江干流","corridorDistanceKm":30.9,"source":"USGS FDSN Event Web Service","url":"https://earthquake.usgs.gov/earthquakes/eventpage/us7000gcnu","updated":1647123564040}},{"type":"Feature","id":"us7000gew9","geometry":{"type":"Point","coordinates":[100.2948,27.1302]},"properties":{"eventId":"us7000gew9","time":"2022-01-15T11:19:44Z","timestamp":1642245584531,"mag":4.6,"magType":"mb","depthKm":10.0,"place":"29 km NNE of Lijiang, China","nearestDam":"阿海水电站","nearestDamKm":31.95,"nearestBasin":"长江—金沙江干流","corridorDistanceKm":18.45,"source":"USGS FDSN Event Web Service","url":"https://earthquake.usgs.gov/earthquakes/eventpage/us7000gew9","updated":1648834829040}},{"type":"Feature","id":"us7000gdcd","geometry":{"type":"Point","coordinates":[105.2718,32.2752]},"properties":{"eventId":"us7000gdcd","time":"2022-01-19T21:52:37Z","timestamp":1642629157587,"mag":4.5,"magType":"mb","depthKm":10.0,"place":"55 km WSW of Guangyuan, China","nearestDam":"宝珠寺水电站","nearestDamKm":41.87,"nearestBasin":"嘉陵江","corridorDistanceKm":36.42,"source":"USGS FDSN Event Web Service","url":"https://earthquake.usgs.gov/earthquakes/eventpage/us7000gdcd","updated":1659792453519}},{"type":"Feature","id":"us7000gg55","geometry":{"type":"Point","coordinates":[104.9691,28.398]},"properties":{"eventId":"us7000gg55","time":"2022-01-29T05:18:39Z","timestamp":1643433519655,"mag":4.3,"magType":"mb","depthKm":10.0,"place":"25 km ESE of Xunchang, China","nearestDam":"向家坝水电站","nearestDamKm":62.6,"nearestBasin":"长江—金沙江干流","corridorDistanceKm":45.26,"source":"USGS FDSN Event Web Service","url":"https://earthquake.usgs.gov/earthquakes/eventpage/us7000gg55","updated":1650045422040}},{"type":"Feature","id":"us7000ggtq","geometry":{"type":"Point","coordinates":[104.3384,31.9193]},"properties":{"eventId":"us7000ggtq","time":"2022-01-31T22:01:27Z","timestamp":1643666487405,"mag":4.6,"magType":"mb","depthKm":10.0,"place":"39 km WNW of Jiangyou, China","nearestDam":"碧口水电站","nearestDamKm":123.33,"nearestBasin":"嘉陵江","corridorDistanceKm":122.91,"source":"USGS FDSN Event Web Service","url":"https://earthquake.usgs.gov/earthquakes/eventpage/us7000ggtq","updated":1650045429040}},{"type":"Feature","id":"us7000gjkt","geometry":{"type":"Point","coordinates":[100.0667,26.0465]},"properties":{"eventId":"us7000gjkt","time":"2022-02-10T07:36:42Z","timestamp":1644478602976,"mag":4.2,"magType":"mb","depthKm":10.0,"place":"53 km NNW of Dali, China","nearestDam":"龙开口水电站","nearestDamKm":63.91,"nearestBasin":"长江—金沙江干流","corridorDistanceKm":62.88,"source":"USGS FDSN Event Web Service","url":"https://earthquake.usgs.gov/earthquakes/eventpage/us7000gjkt","updated":1650389967040}},{"type":"Feature","id":"us7000gz0b","geometry":{"type":"Point","coordinates":[103.4933,30.0258]},"properties":{"eventId":"us7000gz0b","time":"2022-03-28T21:25:10Z","timestamp":1648502710866,"mag":4.4,"magType":"mb","depthKm":10.0,"place":"43 km S of Linqiong, China","nearestDam":"龚嘴水电站","nearestDamKm":82.77,"nearestBasin":"大渡河","corridorDistanceKm":34.31,"source":"USGS FDSN Event Web Service","url":"https://earthquake.usgs.gov/earthquakes/eventpage/us7000gz0b","updated":1654375335040}},{"type":"Feature","id":"us7000gyah","geometry":{"type":"Point","coordinates":[103.1723,27.1837]},"properties":{"eventId":"us7000gyah","time":"2022-03-30T03:52:29Z","timestamp":1648612349010,"mag":4.5,"magType":"mb","depthKm":10.0,"place":"55 km WSW of Zhaotong, China","nearestDam":"白鹤滩水电站","nearestDamKm":54.41,"nearestBasin":"长江—金沙江干流","corridorDistanceKm":2.03,"source":"USGS FDSN Event Web Service","url":"https://earthquake.usgs.gov/earthquakes/eventpage/us7000gyah","updated":1654375342040}},{"type":"Feature","id":"us7000h01q","geometry":{"type":"Point","coordinates":[105.0678,28.1974]},"properties":{"eventId":"us7000h01q","time":"2022-04-05T23:50:06Z","timestamp":1649202606381,"mag":4.6,"magType":"mww","depthKm":10.0,"place":"44 km SE of Xunchang, China","nearestDam":"向家坝水电站","nearestDamKm":82.64,"nearestBasin":"长江—金沙江干流","corridorDistanceKm":69.4,"source":"USGS FDSN Event Web Service","url":"https://earthquake.usgs.gov/earthquakes/eventpage/us7000h01q","updated":1654978866040}},{"type":"Feature","id":"us7000h1s0","geometry":{"type":"Point","coordinates":[100.5105,27.8474]},"properties":{"eventId":"us7000h1s0","time":"2022-04-06T13:07:58Z","timestamp":1649250478968,"mag":4.1,"magType":"mb","depthKm":10.0,"place":"79 km E of Shangri-La, China","nearestDam":"梨园水电站","nearestDamKm":28.61,"nearestBasin":"长江—金沙江干流","corridorDistanceKm":28.58,"source":"USGS FDSN Event Web Service","url":"https://earthquake.usgs.gov/earthquakes/eventpage/us7000h1s0","updated":1654978878040}},{"type":"Feature","id":"us7000h08w","geometry":{"type":"Point","coordinates":[105.1251,28.2253]},"properties":{"eventId":"us7000h08w","time":"2022-04-06T21:54:51Z","timestamp":1649282091420,"mag":4.5,"magType":"mb","depthKm":10.0,"place":"47 km ESE of Xunchang, China","nearestDam":"向家坝水电站","nearestDamKm":85.43,"nearestBasin":"长江—金沙江干流","corridorDistanceKm":68.46,"source":"USGS FDSN Event Web Service","url":"https://earthquake.usgs.gov/earthquakes/eventpage/us7000h08w","updated":1654978868040}},{"type":"Feature","id":"us6000hfa7","geometry":{"type":"Point","coordinates":[104.6985,28.1516]},"properties":{"eventId":"us6000hfa7","time":"2022-04-15T13:11:02Z","timestamp":1650028262760,"mag":4.6,"magType":"mb","depthKm":10.0,"place":"33 km S of Xunchang, China","nearestDam":"向家坝水电站","nearestDamKm":62.49,"nearestBasin":"长江—金沙江干流","corridorDistanceKm":61.53,"source":"USGS FDSN Event Web Service","url":"https://earthquake.usgs.gov/earthquakes/eventpage/us6000hfa7","updated":1655762849040}},{"type":"Feature","id":"us7000h2lk","geometry":{"type":"Point","coordinates":[100.6023,27.94]},"properties":{"eventId":"us7000h2lk","time":"2022-04-16T00:32:18Z","timestamp":1650069138081,"mag":4.7,"magType":"mb","depthKm":10.0,"place":"88 km E of Shangri-La, China","nearestDam":"梨园水电站","nearestDamKm":42.21,"nearestBasin":"长江—金沙江干流","corridorDistanceKm":42.15,"source":"USGS FDSN Event Web Service","url":"https://earthquake.usgs.gov/earthquakes/eventpage/us7000h2lk","updated":1659766109995}},{"type":"Feature","id":"us7000h2pw","geometry":{"type":"Point","coordinates":[100.8872,27.9643]},"properties":{"eventId":"us7000h2pw","time":"2022-04-16T16:18:40Z","timestamp":1650125920213,"mag":4.6,"magType":"mb","depthKm":10.0,"place":"117 km E of Shangri-La, China","nearestDam":"梨园水电站","nearestDamKm":66.69,"nearestBasin":"长江—金沙江干流","corridorDistanceKm":66.7,"source":"USGS FDSN Event Web Service","url":"https://earthquake.usgs.gov/earthquakes/eventpage/us7000h2pw","updated":1659765787399}},{"type":"Feature","id":"us7000h6hl","geometry":{"type":"Point","coordinates":[105.0907,28.194]},"properties":{"eventId":"us7000h6hl","time":"2022-04-21T03:33:15Z","timestamp":1650511995002,"mag":4.3,"magType":"mb","depthKm":10.0,"place":"46 km SE of Xunchang, China","nearestDam":"向家坝水电站","nearestDamKm":84.66,"nearestBasin":"长江—金沙江干流","corridorDistanceKm":70.53,"source":"USGS FDSN Event Web Service","url":"https://earthquake.usgs.gov/earthquakes/eventpage/us7000h6hl","updated":1656206421040}},{"type":"Feature","id":"us7000h5vh","geometry":{"type":"Point","coordinates":[100.6915,27.8952]},"properties":{"eventId":"us7000h5vh","time":"2022-04-29T17:23:51Z","timestamp":1651253031985,"mag":4.6,"magType":"mb","depthKm":10.0,"place":"7 km NNE of Yongning, China","nearestDam":"梨园水电站","nearestDamKm":46.18,"nearestBasin":"长江—金沙江干流","corridorDistanceKm":46.19,"source":"USGS FDSN Event Web Service","url":"https://earthquake.usgs.gov/earthquakes/eventpage/us7000h5vh","updated":1705595681759}},{"type":"Feature","id":"us7000h7dz","geometry":{"type":"Point","coordinates":[99.9874,26.0674]},"properties":{"eventId":"us7000h7dz","time":"2022-05-05T21:10:39Z","timestamp":1651785039270,"mag":4.5,"magType":"mb","depthKm":10.0,"place":"58 km NNW of Dali, China","nearestDam":"龙开口水电站","nearestDamKm":66.71,"nearestBasin":"长江—金沙江干流","corridorDistanceKm":66.47,"source":"USGS FDSN Event Web Service","url":"https://earthquake.usgs.gov/earthquakes/eventpage/us7000h7dz","updated":1660027087062}},{"type":"Feature","id":"us7000h7x4","geometry":{"type":"Point","coordinates":[104.4935,31.8821]},"properties":{"eventId":"us7000h7x4","time":"2022-05-08T11:59:47Z","timestamp":1652011187328,"mag":4.7,"magType":"mb","depthKm":10.0,"place":"24 km WNW of Jiangyou, China","nearestDam":"亭子口水利枢纽","nearestDamKm":116.77,"nearestBasin":"嘉陵江","corridorDistanceKm":116.65,"source":"USGS FDSN Event Web Service","url":"https://earthquake.usgs.gov/earthquakes/eventpage/us7000h7x4","updated":1658514666040}},{"type":"Feature","id":"us6000hmi0","geometry":{"type":"Point","coordinates":[102.7017,29.8899]},"properties":{"eventId":"us6000hmi0","time":"2022-05-20T00:36:37Z","timestamp":1653006997179,"mag":4.9,"magType":"mb","depthKm":10.0,"place":"72 km E of Kangding, China","nearestDam":"瀑布沟水电站","nearestDamKm":65.32,"nearestBasin":"大渡河","corridorDistanceKm":52.32,"source":"USGS FDSN Event Web Service","url":"https://earthquake.usgs.gov/earthquakes/eventpage/us6000hmi0","updated":1658630429040}},{"type":"Feature","id":"us7000hd47","geometry":{"type":"Point","coordinates":[103.8004,29.5952]},"properties":{"eventId":"us7000hd47","time":"2022-05-24T22:14:10Z","timestamp":1653430450660,"mag":4.3,"magType":"mb","depthKm":10.0,"place":"5 km NE of Leshan, China","nearestDam":"铜街子水电站","nearestDamKm":41.0,"nearestBasin":"大渡河","corridorDistanceKm":21.23,"source":"USGS FDSN Event Web Service","url":"https://earthquake.usgs.gov/earthquakes/eventpage/us7000hd47","updated":1659469861040}},{"type":"Feature","id":"us7000he1h","geometry":{"type":"Point","coordinates":[102.9582,30.3951]},"properties":{"eventId":"us7000he1h","time":"2022-06-01T09:00:08Z","timestamp":1654074008401,"mag":5.8,"magType":"mww","depthKm":12.0,"place":"48 km W of Linqiong, China","nearestDam":"紫坪铺水利枢纽","nearestDamKm":85.22,"nearestBasin":"岷江","corridorDistanceKm":70.35,"source":"USGS FDSN Event Web Service","url":"https://earthquake.usgs.gov/earthquakes/eventpage/us7000he1h","updated":1675511644113}},{"type":"Feature","id":"us7000hfbu","geometry":{"type":"Point","coordinates":[102.8724,30.3896]},"properties":{"eventId":"us7000hfbu","time":"2022-06-01T09:03:08Z","timestamp":1654074188082,"mag":5.3,"magType":"mb","depthKm":10.0,"place":"Western Sichuan, China","nearestDam":"猴子岩水电站","nearestDamKm":80.29,"nearestBasin":"大渡河","corridorDistanceKm":75.59,"source":"USGS FDSN Event Web Service","url":"https://earthquake.usgs.gov/earthquakes/eventpage/us7000hfbu","updated":1659824008040}},{"type":"Feature","id":"us7000hg8b","geometry":{"type":"Point","coordinates":[101.8363,32.3152]},"properties":{"eventId":"us7000hg8b","time":"2022-06-09T16:03:26Z","timestamp":1654790606522,"mag":5.6,"magType":"mww","depthKm":10.14,"place":"247 km NW of Tianpeng, China","nearestDam":"猴子岩水电站","nearestDamKm":196.97,"nearestBasin":"大渡河","corridorDistanceKm":195.9,"source":"USGS FDSN Event Web Service","url":"https://earthquake.usgs.gov/earthquakes/eventpage/us7000hg8b","updated":1660427565040}},{"type":"Feature","id":"us7000hhcy","geometry":{"type":"Point","coordinates":[101.7662,32.165]},"properties":{"eventId":"us7000hhcy","time":"2022-06-09T16:06:46Z","timestamp":1654790806019,"mag":4.8,"magType":"mb","depthKm":10.0,"place":"240 km N of Kangding, China","nearestDam":"猴子岩水电站","nearestDamKm":181.27,"nearestBasin":"大渡河","corridorDistanceKm":180.31,"source":"USGS FDSN Event Web Service","url":"https://earthquake.usgs.gov/earthquakes/eventpage/us7000hhcy","updated":1660427518040}},{"type":"Feature","id":"us7000hg91","geometry":{"type":"Point","coordinates":[101.8022,32.3382]},"properties":{"eventId":"us7000hg91","time":"2022-06-09T16:21:19Z","timestamp":1654791679418,"mag":4.8,"magType":"mb","depthKm":10.0,"place":"252 km NW of Tianpeng, China","nearestDam":"猴子岩水电站","nearestDamKm":199.88,"nearestBasin":"大渡河","corridorDistanceKm":198.8,"source":"USGS FDSN Event Web Service","url":"https://earthquake.usgs.gov/earthquakes/eventpage/us7000hg91","updated":1660427509040}},{"type":"Feature","id":"us7000hgaf","geometry":{"type":"Point","coordinates":[101.9176,32.2874]},"properties":{"eventId":"us7000hgaf","time":"2022-06-09T19:27:02Z","timestamp":1654802822361,"mag":4.9,"magType":"mb","depthKm":10.0,"place":"239 km NW of Tianpeng, China","nearestDam":"猴子岩水电站","nearestDamKm":193.22,"nearestBasin":"大渡河","corridorDistanceKm":192.15,"source":"USGS FDSN Event Web Service","url":"https://earthquake.usgs.gov/earthquakes/eventpage/us7000hgaf","updated":1660427594040}},{"type":"Feature","id":"us7000hiln","geometry":{"type":"Point","coordinates":[103.6904,27.425]},"properties":{"eventId":"us7000hiln","time":"2022-06-19T22:40:54Z","timestamp":1655678454988,"mag":4.6,"magType":"mb","depthKm":10.0,"place":"12 km NNW of Zhaotong, China","nearestDam":"溪洛渡水电站","nearestDamKm":92.71,"nearestBasin":"长江—金沙江干流","corridorDistanceKm":36.57,"source":"USGS FDSN Event Web Service","url":"https://earthquake.usgs.gov/earthquakes/eventpage/us7000hiln","updated":1661656737040}},{"type":"Feature","id":"us6000i1uk","geometry":{"type":"Point","coordinates":[106.8147,26.8953]},"properties":{"eventId":"us6000i1uk","time":"2022-07-06T10:56:36Z","timestamp":1657104996365,"mag":4.0,"magType":"mb","depthKm":10.0,"place":"35 km NNE of Guiyang, China","nearestDam":"索风营水电站","nearestDamKm":45.66,"nearestBasin":"乌江","corridorDistanceKm":40.93,"source":"USGS FDSN Event Web Service","url":"https://earthquake.usgs.gov/earthquakes/eventpage/us6000i1uk","updated":1663050356040}},{"type":"Feature","id":"us6000i7gu","geometry":{"type":"Point","coordinates":[104.4627,32.087]},"properties":{"eventId":"us6000i7gu","time":"2022-07-23T18:16:48Z","timestamp":1658600208184,"mag":4.4,"magType":"mb","depthKm":10.0,"place":"42 km NW of Jiangyou, China","nearestDam":"碧口水电站","nearestDamKm":101.37,"nearestBasin":"嘉陵江","corridorDistanceKm":101.05,"source":"USGS FDSN Event Web Service","url":"https://earthquake.usgs.gov/earthquakes/eventpage/us6000i7gu","updated":1664662172040}},{"type":"Feature","id":"us6000ial9","geometry":{"type":"Point","coordinates":[99.9823,25.6628]},"properties":{"eventId":"us6000ial9","time":"2022-08-13T20:01:09Z","timestamp":1660420869554,"mag":4.2,"magType":"mb","depthKm":10.0,"place":"24 km WNW of Dali, China","nearestDam":"鲁地拉水电站","nearestDamKm":102.69,"nearestBasin":"长江—金沙江干流","corridorDistanceKm":100.07,"source":"USGS FDSN Event Web Service","url":"https://earthquake.usgs.gov/earthquakes/eventpage/us6000ial9","updated":1666923945040}},{"type":"Feature","id":"us7000i27b","geometry":{"type":"Point","coordinates":[105.4779,29.1199]},"properties":{"eventId":"us7000i27b","time":"2022-08-25T00:00:09Z","timestamp":1661385609761,"mag":4.6,"magType":"mb","depthKm":10.0,"place":"48 km WSW of Yongchuan, China","nearestDam":"向家坝水电站","nearestDamKm":118.02,"nearestBasin":"长江—金沙江干流","corridorDistanceKm":12.1,"source":"USGS FDSN Event Web Service","url":"https://earthquake.usgs.gov/earthquakes/eventpage/us7000i27b","updated":1667315646040}},{"type":"Feature","id":"us7000i4m1","geometry":{"type":"Point","coordinates":[99.5745,30.0203]},"properties":{"eventId":"us7000i4m1","time":"2022-08-25T00:50:35Z","timestamp":1661388635832,"mag":4.0,"magType":"mb","depthKm":10.0,"place":"229 km W of Kangding, China","nearestDam":"两河口水电站","nearestDamKm":139.41,"nearestBasin":"雅砻江","corridorDistanceKm":140.15,"source":"USGS FDSN Event Web Service","url":"https://earthquake.usgs.gov/earthquakes/eventpage/us7000i4m1","updated":1667315681040}},{"type":"Feature","id":"us7000i5es","geometry":{"type":"Point","coordinates":[99.7323,30.0903]},"properties":{"eventId":"us7000i5es","time":"2022-08-28T07:42:30Z","timestamp":1661672550402,"mag":4.3,"magType":"mb","depthKm":10.0,"place":"Western Sichuan, China","nearestDam":"两河口水电站","nearestDamKm":123.38,"nearestBasin":"雅砻江","corridorDistanceKm":124.12,"source":"USGS FDSN Event Web Service","url":"https://earthquake.usgs.gov/earthquakes/eventpage/us7000i5es","updated":1667709534040}},{"type":"Feature","id":"us7000i5qc","geometry":{"type":"Point","coordinates":[105.2883,28.0843]},"properties":{"eventId":"us7000i5qc","time":"2022-08-29T14:42:00Z","timestamp":1661784120540,"mag":4.2,"magType":"mb","depthKm":10.0,"place":"69 km SE of Xunchang, China","nearestDam":"向家坝水电站","nearestDamKm":107.5,"nearestBasin":"长江—金沙江干流","corridorDistanceKm":88.64,"source":"USGS FDSN Event Web Service","url":"https://earthquake.usgs.gov/earthquakes/eventpage/us7000i5qc","updated":1667709481040}},{"type":"Feature","id":"us7000i59t","geometry":{"type":"Point","coordinates":[102.236,29.6786]},"properties":{"eventId":"us7000i59t","time":"2022-09-05T04:52:19Z","timestamp":1662353539645,"mag":6.6,"magType":"mww","depthKm":12.0,"place":"44 km SE of Kangding, China","nearestDam":"大岗山水电站","nearestDamKm":25.61,"nearestBasin":"大渡河","corridorDistanceKm":4.79,"source":"USGS FDSN Event Web Service","url":"https://earthquake.usgs.gov/earthquakes/eventpage/us7000i59t","updated":1757229715894}},{"type":"Feature","id":"us7000i7my","geometry":{"type":"Point","coordinates":[102.4093,29.4607]},"properties":{"eventId":"us7000i7my","time":"2022-09-05T09:39:24Z","timestamp":1662370764078,"mag":4.2,"magType":"mb","depthKm":10.0,"place":"74 km SE of Kangding, China","nearestDam":"大岗山水电站","nearestDamKm":18.38,"nearestBasin":"大渡河","corridorDistanceKm":6.89,"source":"USGS FDSN Event Web Service","url":"https://earthquake.usgs.gov/earthquakes/eventpage/us7000i7my","updated":1668539176040}},{"type":"Feature","id":"us7000i5ct","geometry":{"type":"Point","coordinates":[102.2807,29.6551]},"properties":{"eventId":"us7000i5ct","time":"2022-09-05T11:26:22Z","timestamp":1662377182627,"mag":4.8,"magType":"mb","depthKm":10.0,"place":"49 km SE of Kangding, China","nearestDam":"大岗山水电站","nearestDamKm":23.69,"nearestBasin":"大渡河","corridorDistanceKm":8.74,"source":"USGS FDSN Event Web Service","url":"https://earthquake.usgs.gov/earthquakes/eventpage/us7000i5ct","updated":1668539168040}},{"type":"Feature","id":"us7000i5sf","geometry":{"type":"Point","coordinates":[102.3001,29.3949]},"properties":{"eventId":"us7000i5sf","time":"2022-09-06T18:42:21Z","timestamp":1662489741445,"mag":4.6,"magType":"mb","depthKm":45.579,"place":"75 km SSE of Kangding, China","nearestDam":"大岗山水电站","nearestDamKm":9.8,"nearestBasin":"大渡河","corridorDistanceKm":3.28,"source":"USGS FDSN Event Web Service","url":"https://earthquake.usgs.gov/earthquakes/eventpage/us7000i5sf","updated":1668539171040}},{"type":"Feature","id":"us7000i8a5","geometry":{"type":"Point","coordinates":[102.017,29.7832]},"properties":{"eventId":"us7000i8a5","time":"2022-09-08T07:12:02Z","timestamp":1662621122364,"mag":4.2,"magType":"mb","depthKm":10.0,"place":"24 km SSE of Kangding, China","nearestDam":"大岗山水电站","nearestDamKm":42.05,"nearestBasin":"大渡河","corridorDistanceKm":14.69,"source":"USGS FDSN Event Web Service","url":"https://earthquake.usgs.gov/earthquakes/eventpage/us7000i8a5","updated":1668539179040}},{"type":"Feature","id":"us7000ib4u","geometry":{"type":"Point","coordinates":[99.7046,29.9356]},"properties":{"eventId":"us7000ib4u","time":"2022-09-19T12:05:48Z","timestamp":1663589148432,"mag":4.0,"magType":"mb","depthKm":10.0,"place":"217 km W of Kangding, China","nearestDam":"两河口水电站","nearestDamKm":128.85,"nearestBasin":"雅砻江","corridorDistanceKm":128.67,"source":"USGS FDSN Event Web Service","url":"https://earthquake.usgs.gov/earthquakes/eventpage/us7000ib4u","updated":1669496280040}},{"type":"Feature","id":"us7000i9ia","geometry":{"type":"Point","coordinates":[99.3248,29.8057]},"properties":{"eventId":"us7000i9ia","time":"2022-09-20T10:23:14Z","timestamp":1663669394632,"mag":4.4,"magType":"mb","depthKm":10.0,"place":"222 km N of Shangri-La, China","nearestDam":"两河口水电站","nearestDamKm":167.91,"nearestBasin":"雅砻江","corridorDistanceKm":166.84,"source":"USGS FDSN Event Web Service","url":"https://earthquake.usgs.gov/earthquakes/eventpage/us7000i9ia","updated":1669496265040}},{"type":"Feature","id":"us6000ipkn","geometry":{"type":"Point","coordinates":[99.585,29.8996]},"properties":{"eventId":"us6000ipkn","time":"2022-09-25T17:12:37Z","timestamp":1664125957676,"mag":4.2,"magType":"mb","depthKm":10.0,"place":"229 km W of Kangding, China","nearestDam":"两河口水电站","nearestDamKm":141.0,"nearestBasin":"雅砻江","corridorDistanceKm":140.63,"source":"USGS FDSN Event Web Service","url":"https://earthquake.usgs.gov/earthquakes/eventpage/us6000ipkn","updated":1670104967040}},{"type":"Feature","id":"us6000iqg2","geometry":{"type":"Point","coordinates":[104.3126,31.9038]},"properties":{"eventId":"us6000iqg2","time":"2022-09-27T03:16:07Z","timestamp":1664248567602,"mag":4.0,"magType":"mb","depthKm":10.0,"place":"41 km WNW of Jiangyou, China","nearestDam":"碧口水电站","nearestDamKm":126.16,"nearestBasin":"嘉陵江","corridorDistanceKm":125.74,"source":"USGS FDSN Event Web Service","url":"https://earthquake.usgs.gov/earthquakes/eventpage/us6000iqg2","updated":1670104976040}},{"type":"Feature","id":"us6000irv9","geometry":{"type":"Point","coordinates":[103.0731,27.0194]},"properties":{"eventId":"us6000irv9","time":"2022-10-03T23:19:37Z","timestamp":1664839177689,"mag":4.2,"magType":"mb","depthKm":15.712,"place":"71 km WSW of Zhaotong, China","nearestDam":"白鹤滩水电站","nearestDamKm":34.17,"nearestBasin":"长江—金沙江干流","corridorDistanceKm":4.86,"source":"USGS FDSN Event Web Service","url":"https://earthquake.usgs.gov/earthquakes/eventpage/us6000irv9","updated":1670712833040}},{"type":"Feature","id":"us6000iqpa","geometry":{"type":"Point","coordinates":[102.167,29.0157]},"properties":{"eventId":"us6000iqpa","time":"2022-10-04T12:44:29Z","timestamp":1664887469435,"mag":4.6,"magType":"mb","depthKm":10.0,"place":"111 km S of Kangding, China","nearestDam":"大岗山水电站","nearestDamKm":48.42,"nearestBasin":"大渡河","corridorDistanceKm":47.15,"source":"USGS FDSN Event Web Service","url":"https://earthquake.usgs.gov/earthquakes/eventpage/us6000iqpa","updated":1670712786040}},{"type":"Feature","id":"us6000ish9","geometry":{"type":"Point","coordinates":[102.2711,29.4205]},"properties":{"eventId":"us6000ish9","time":"2022-10-04T19:17:26Z","timestamp":1664911046497,"mag":4.7,"magType":"mb","depthKm":10.0,"place":"71 km SSE of Kangding, China","nearestDam":"大岗山水电站","nearestDamKm":5.86,"nearestBasin":"大渡河","corridorDistanceKm":1.45,"source":"USGS FDSN Event Web Service","url":"https://earthquake.usgs.gov/earthquakes/eventpage/us6000ish9","updated":1670712840040}},{"type":"Feature","id":"us6000iujj","geometry":{"type":"Point","coordinates":[99.6333,29.9412]},"properties":{"eventId":"us6000iujj","time":"2022-10-12T11:19:31Z","timestamp":1665573571843,"mag":4.3,"magType":"mb","depthKm":10.0,"place":"224 km W of Kangding, China","nearestDam":"两河口水电站","nearestDamKm":135.41,"nearestBasin":"雅砻江","corridorDistanceKm":135.47,"source":"USGS FDSN Event Web Service","url":"https://earthquake.usgs.gov/earthquakes/eventpage/us6000iujj","updated":1671317659040}},{"type":"Feature","id":"us6000ivq1","geometry":{"type":"Point","coordinates":[102.0856,29.6246]},"properties":{"eventId":"us6000ivq1","time":"2022-10-22T05:17:04Z","timestamp":1666415824188,"mag":5.3,"magType":"mww","depthKm":19.255,"place":"43 km SSE of Kangding, China","nearestDam":"大岗山水电站","nearestDamKm":23.49,"nearestBasin":"大渡河","corridorDistanceKm":10.37,"source":"USGS FDSN Event Web Service","url":"https://earthquake.usgs.gov/earthquakes/eventpage/us6000ivq1","updated":1672759412040}},{"type":"Feature","id":"us7000ip68","geometry":{"type":"Point","coordinates":[102.884,27.065]},"properties":{"eventId":"us7000ip68","time":"2022-11-11T23:13:42Z","timestamp":1668208422527,"mag":4.6,"magType":"mb","depthKm":18.169,"place":"87 km WSW of Zhaotong, China","nearestDam":"白鹤滩水电站","nearestDamKm":40.14,"nearestBasin":"长江—金沙江干流","corridorDistanceKm":24.14,"source":"USGS FDSN Event Web Service","url":"https://earthquake.usgs.gov/earthquakes/eventpage/us7000ip68","updated":1674329244040}},{"type":"Feature","id":"us7000iq1f","geometry":{"type":"Point","coordinates":[102.081,26.5551]},"properties":{"eventId":"us7000iq1f","time":"2022-11-16T02:47:00Z","timestamp":1668566820600,"mag":4.7,"magType":"mb","depthKm":10.0,"place":"37 km E of Dadukou, China","nearestDam":"桐子林水电站","nearestDamKm":28.41,"nearestBasin":"雅砻江","corridorDistanceKm":3.88,"source":"USGS FDSN Event Web Service","url":"https://earthquake.usgs.gov/earthquakes/eventpage/us7000iq1f","updated":1674935898040}},{"type":"Feature","id":"us7000iqpk","geometry":{"type":"Point","coordinates":[101.9865,29.6398]},"properties":{"eventId":"us7000iqpk","time":"2022-11-18T13:23:57Z","timestamp":1668777837273,"mag":4.6,"magType":"mb","depthKm":10.0,"place":"40 km S of Kangding, China","nearestDam":"大岗山水电站","nearestDamKm":31.01,"nearestBasin":"大渡河","corridorDistanceKm":19.64,"source":"USGS FDSN Event Web Service","url":"https://earthquake.usgs.gov/earthquakes/eventpage/us7000iqpk","updated":1674935906040}},{"type":"Feature","id":"us7000iqz3","geometry":{"type":"Point","coordinates":[101.9485,29.7535]},"properties":{"eventId":"us7000iqz3","time":"2022-11-19T10:28:51Z","timestamp":1668853731112,"mag":4.5,"magType":"mb","depthKm":10.0,"place":"27 km S of Kangding, China","nearestDam":"大岗山水电站","nearestDamKm":42.87,"nearestBasin":"大渡河","corridorDistanceKm":21.66,"source":"USGS FDSN Event Web Service","url":"https://earthquake.usgs.gov/earthquakes/eventpage/us7000iqz3","updated":1675058410040}},{"type":"Feature","id":"us6000j9a3","geometry":{"type":"Point","coordinates":[105.5104,29.2775]},"properties":{"eventId":"us6000j9a3","time":"2022-12-14T23:18:23Z","timestamp":1671059903307,"mag":4.5,"magType":"mb","depthKm":10.0,"place":"38 km WSW of Yongchuan, China","nearestDam":"草街航电枢纽","nearestDamKm":110.08,"nearestBasin":"嘉陵江","corridorDistanceKm":27.3,"source":"USGS FDSN Event Web Service","url":"https://earthquake.usgs.gov/earthquakes/eventpage/us6000j9a3","updated":1676757851040}},{"type":"Feature","id":"us7000j0fa","geometry":{"type":"Point","coordinates":[104.8949,28.1642]},"properties":{"eventId":"us7000j0fa","time":"2022-12-17T09:50:01Z","timestamp":1671270601042,"mag":4.5,"magType":"mb","depthKm":10.0,"place":"36 km SSE of Xunchang, China","nearestDam":"向家坝水电站","nearestDamKm":72.58,"nearestBasin":"长江—金沙江干流","corridorDistanceKm":66.93,"source":"USGS FDSN Event Web Service","url":"https://earthquake.usgs.gov/earthquakes/eventpage/us7000j0fa","updated":1677625581040}},{"type":"Feature","id":"us7000j5jw","geometry":{"type":"Point","coordinates":[105.0998,32.0539]},"properties":{"eventId":"us7000j5jw","time":"2023-01-10T20:25:10Z","timestamp":1673382310493,"mag":4.6,"magType":"mb","depthKm":13.322,"place":"48 km NE of Jiangyou, China","nearestDam":"亭子口水利枢纽","nearestDamKm":57.32,"nearestBasin":"嘉陵江","corridorDistanceKm":56.93,"source":"USGS FDSN Event Web Service","url":"https://earthquake.usgs.gov/earthquakes/eventpage/us7000j5jw","updated":1679292233040}},{"type":"Feature","id":"us6000jixf","geometry":{"type":"Point","coordinates":[104.9237,28.1272]},"properties":{"eventId":"us6000jixf","time":"2023-01-15T21:46:26Z","timestamp":1673819186374,"mag":4.1,"magType":"mb","depthKm":10.0,"place":"eastern Sichuan, China","nearestDam":"向家坝水电站","nearestDamKm":77.52,"nearestBasin":"长江—金沙江干流","corridorDistanceKm":71.75,"source":"USGS FDSN Event Web Service","url":"https://earthquake.usgs.gov/earthquakes/eventpage/us6000jixf","updated":1680291787040}},{"type":"Feature","id":"us6000jjdw","geometry":{"type":"Point","coordinates":[101.7292,29.6383]},"properties":{"eventId":"us6000jjdw","time":"2023-01-18T01:57:17Z","timestamp":1674007037433,"mag":4.5,"magType":"mb","depthKm":10.0,"place":"45 km SSW of Kangding, China","nearestDam":"大岗山水电站","nearestDamKm":51.94,"nearestBasin":"大渡河","corridorDistanceKm":44.29,"source":"USGS FDSN Event Web Service","url":"https://earthquake.usgs.gov/earthquakes/eventpage/us6000jjdw","updated":1680291803040}},{"type":"Feature","id":"us6000jj8s","geometry":{"type":"Point","coordinates":[101.9935,29.7306]},"properties":{"eventId":"us6000jj8s","time":"2023-01-25T19:49:44Z","timestamp":1674676184495,"mag":5.4,"magType":"mww","depthKm":7.0,"place":"Western Sichuan, China","nearestDam":"大岗山水电站","nearestDamKm":38.24,"nearestBasin":"大渡河","corridorDistanceKm":17.68,"source":"USGS FDSN Event Web Service","url":"https://earthquake.usgs.gov/earthquakes/eventpage/us6000jj8s","updated":1681239092040}},{"type":"Feature","id":"us6000jj99","geometry":{"type":"Point","coordinates":[101.9672,29.6412]},"properties":{"eventId":"us6000jj99","time":"2023-01-25T20:30:44Z","timestamp":1674678644870,"mag":4.4,"magType":"mb","depthKm":10.0,"place":"40 km S of Kangding, China","nearestDam":"大岗山水电站","nearestDamKm":32.5,"nearestBasin":"大渡河","corridorDistanceKm":21.47,"source":"USGS FDSN Event Web Service","url":"https://earthquake.usgs.gov/earthquakes/eventpage/us6000jj99","updated":1681239092040}},{"type":"Feature","id":"us6000jj94","geometry":{"type":"Point","coordinates":[102.1106,29.645]},"properties":{"eventId":"us6000jj94","time":"2023-01-25T20:51:10Z","timestamp":1674679870093,"mag":4.4,"magType":"mb","depthKm":10.0,"place":"42 km SSE of Kangding, China","nearestDam":"大岗山水电站","nearestDamKm":24.26,"nearestBasin":"大渡河","corridorDistanceKm":7.69,"source":"USGS FDSN Event Web Service","url":"https://earthquake.usgs.gov/earthquakes/eventpage/us6000jj94","updated":1681239092040}},{"type":"Feature","id":"us6000jj97","geometry":{"type":"Point","coordinates":[102.166,29.559]},"properties":{"eventId":"us6000jj97","time":"2023-01-25T20:57:21Z","timestamp":1674680241315,"mag":4.3,"magType":"mb","depthKm":10.0,"place":"53 km SSE of Kangding, China","nearestDam":"大岗山水电站","nearestDamKm":13.33,"nearestBasin":"大渡河","corridorDistanceKm":3.6,"source":"USGS FDSN Event Web Service","url":"https://earthquake.usgs.gov/earthquakes/eventpage/us6000jj97","updated":1681239092040}},{"type":"Feature","id":"us6000jj9c","geometry":{"type":"Point","coordinates":[102.0678,29.7831]},"properties":{"eventId":"us6000jj9c","time":"2023-01-25T21:19:08Z","timestamp":1674681548863,"mag":4.4,"magType":"mb","depthKm":10.0,"place":"26 km SSE of Kangding, China","nearestDam":"大岗山水电站","nearestDamKm":39.99,"nearestBasin":"大渡河","corridorDistanceKm":9.83,"source":"USGS FDSN Event Web Service","url":"https://earthquake.usgs.gov/earthquakes/eventpage/us6000jj9c","updated":1681239092040}},{"type":"Feature","id":"us6000jjai","geometry":{"type":"Point","coordinates":[102.0311,29.6904]},"properties":{"eventId":"us6000jjai","time":"2023-01-25T23:21:33Z","timestamp":1674688893314,"mag":4.9,"magType":"mb","depthKm":10.0,"place":"35 km SSE of Kangding, China","nearestDam":"大岗山水电站","nearestDamKm":32.5,"nearestBasin":"大渡河","corridorDistanceKm":14.65,"source":"USGS FDSN Event Web Service","url":"https://earthquake.usgs.gov/earthquakes/eventpage/us6000jjai","updated":1681239092040}},{"type":"Feature","id":"us7000jg92","geometry":{"type":"Point","coordinates":[101.9744,29.6162]},"properties":{"eventId":"us7000jg92","time":"2023-02-28T14:46:51Z","timestamp":1677595611382,"mag":5.2,"magType":"mww","depthKm":10.0,"place":"42 km S of Kangding, China","nearestDam":"大岗山水电站","nearestDamKm":30.19,"nearestBasin":"大渡河","corridorDistanceKm":21.14,"source":"USGS FDSN Event Web Service","url":"https://earthquake.usgs.gov/earthquakes/eventpage/us7000jg92","updated":1683511195040}},{"type":"Feature","id":"us7000jltn","geometry":{"type":"Point","coordinates":[104.7147,29.6283]},"properties":{"eventId":"us7000jltn","time":"2023-03-21T21:27:28Z","timestamp":1679434048608,"mag":4.2,"magType":"mb","depthKm":10.0,"place":"eastern Sichuan, China","nearestDam":"铜街子水电站","nearestDamKm":112.59,"nearestBasin":"大渡河","corridorDistanceKm":63.76,"source":"USGS FDSN Event Web Service","url":"https://earthquake.usgs.gov/earthquakes/eventpage/us7000jltn","updated":1685138051040}},{"type":"Feature","id":"us6000k0cl","geometry":{"type":"Point","coordinates":[103.8585,29.2958]},"properties":{"eventId":"us6000k0cl","time":"2023-03-23T07:47:46Z","timestamp":1679557666064,"mag":4.0,"magType":"mb","depthKm":10.0,"place":"19 km WSW of Luocheng, China","nearestDam":"铜街子水电站","nearestDamKm":22.28,"nearestBasin":"大渡河","corridorDistanceKm":17.99,"source":"USGS FDSN Event Web Service","url":"https://earthquake.usgs.gov/earthquakes/eventpage/us6000k0cl","updated":1685138041040}},{"type":"Feature","id":"us6000k1eq","geometry":{"type":"Point","coordinates":[102.9151,26.7722]},"properties":{"eventId":"us6000k1eq","time":"2023-04-01T21:54:52Z","timestamp":1680386092324,"mag":4.6,"magType":"mb","depthKm":14.458,"place":"99 km SW of Zhaotong, China","nearestDam":"白鹤滩水电站","nearestDamKm":10.29,"nearestBasin":"长江—金沙江干流","corridorDistanceKm":9.92,"source":"USGS FDSN Event Web Service","url":"https://earthquake.usgs.gov/earthquakes/eventpage/us6000k1eq","updated":1685829977040}},{"type":"Feature","id":"us6000k5rj","geometry":{"type":"Point","coordinates":[102.2282,29.5877]},"properties":{"eventId":"us6000k5rj","time":"2023-04-14T18:32:05Z","timestamp":1681497125851,"mag":4.2,"magType":"mb","depthKm":10.0,"place":"52 km SSE of Kangding, China","nearestDam":"大岗山水电站","nearestDamKm":15.48,"nearestBasin":"大渡河","corridorDistanceKm":2.76,"source":"USGS FDSN Event Web Service","url":"https://earthquake.usgs.gov/earthquakes/eventpage/us6000k5rj","updated":1687037822040}},{"type":"Feature","id":"us7000jw75","geometry":{"type":"Point","coordinates":[104.5796,29.5452]},"properties":{"eventId":"us7000jw75","time":"2023-04-27T06:21:18Z","timestamp":1682576478399,"mag":4.4,"magType":"mb","depthKm":10.0,"place":"eastern Sichuan, China","nearestDam":"铜街子水电站","nearestDamKm":97.14,"nearestBasin":"大渡河","corridorDistanceKm":48.49,"source":"USGS FDSN Event Web Service","url":"https://earthquake.usgs.gov/earthquakes/eventpage/us7000jw75","updated":1689039886040}},{"type":"Feature","id":"us7000jxi4","geometry":{"type":"Point","coordinates":[99.2692,25.4011]},"properties":{"eventId":"us7000jxi4","time":"2023-05-02T15:27:23Z","timestamp":1683041243366,"mag":5.3,"magType":"mww","depthKm":10.0,"place":"26 km WSW of Bonan, China","nearestDam":"龙开口水电站","nearestDamKm":169.83,"nearestBasin":"长江—金沙江干流","corridorDistanceKm":169.22,"source":"USGS FDSN Event Web Service","url":"https://earthquake.usgs.gov/earthquakes/eventpage/us7000jxi4","updated":1705607632203}},{"type":"Feature","id":"us7000jxiz","geometry":{"type":"Point","coordinates":[99.3564,25.4275]},"properties":{"eventId":"us7000jxiz","time":"2023-05-02T15:38:19Z","timestamp":1683041899810,"mag":4.6,"magType":"mb","depthKm":10.0,"place":"17 km WSW of Bonan, China","nearestDam":"龙开口水电站","nearestDamKm":161.84,"nearestBasin":"长江—金沙江干流","corridorDistanceKm":161.24,"source":"USGS FDSN Event Web Service","url":"https://earthquake.usgs.gov/earthquakes/eventpage/us7000jxiz","updated":1689459054040}},{"type":"Feature","id":"us6000kalt","geometry":{"type":"Point","coordinates":[104.5963,29.3941]},"properties":{"eventId":"us6000kalt","time":"2023-05-03T02:01:25Z","timestamp":1683079285522,"mag":4.0,"magType":"mb","depthKm":34.483,"place":"18 km WNW of Zigong, China","nearestDam":"向家坝水电站","nearestDamKm":85.55,"nearestBasin":"长江—金沙江干流","corridorDistanceKm":44.76,"source":"USGS FDSN Event Web Service","url":"https://earthquake.usgs.gov/earthquakes/eventpage/us6000kalt","updated":1689459018040}},{"type":"Feature","id":"us7000jxns","geometry":{"type":"Point","coordinates":[105.1765,28.2223]},"properties":{"eventId":"us7000jxns","time":"2023-05-03T04:08:24Z","timestamp":1683086904376,"mag":4.6,"magType":"mb","depthKm":42.485,"place":"Sichuan-Guizhou border region, China","nearestDam":"向家坝水电站","nearestDamKm":89.86,"nearestBasin":"长江—金沙江干流","corridorDistanceKm":70.53,"source":"USGS FDSN Event Web Service","url":"https://earthquake.usgs.gov/earthquakes/eventpage/us7000jxns","updated":1689459060040}},{"type":"Feature","id":"us7000jxp5","geometry":{"type":"Point","coordinates":[105.1572,28.1196]},"properties":{"eventId":"us7000jxp5","time":"2023-05-03T05:04:06Z","timestamp":1683090246693,"mag":4.9,"magType":"mb","depthKm":49.67,"place":"22 km SSW of Gusong, China","nearestDam":"向家坝水电站","nearestDamKm":94.87,"nearestBasin":"长江—金沙江干流","corridorDistanceKm":80.51,"source":"USGS FDSN Event Web Service","url":"https://earthquake.usgs.gov/earthquakes/eventpage/us7000jxp5","updated":1689459061040}},{"type":"Feature","id":"us6000k9dq","geometry":{"type":"Point","coordinates":[105.231,28.081]},"properties":{"eventId":"us6000k9dq","time":"2023-05-04T02:15:30Z","timestamp":1683166530362,"mag":4.8,"magType":"mww","depthKm":29.258,"place":"Sichuan-Guizhou border region, China","nearestDam":"向家坝水电站","nearestDamKm":103.21,"nearestBasin":"长江—金沙江干流","corridorDistanceKm":87.02,"source":"USGS FDSN Event Web Service","url":"https://earthquake.usgs.gov/earthquakes/eventpage/us6000k9dq","updated":1689458974040}},{"type":"Feature","id":"us6000k9rd","geometry":{"type":"Point","coordinates":[105.0029,28.1186]},"properties":{"eventId":"us6000k9rd","time":"2023-05-05T12:33:22Z","timestamp":1683290002396,"mag":4.7,"magType":"mb","depthKm":19.126,"place":"21 km SSW of Bowangshan, China","nearestDam":"向家坝水电站","nearestDamKm":83.58,"nearestBasin":"长江—金沙江干流","corridorDistanceKm":75.34,"source":"USGS FDSN Event Web Service","url":"https://earthquake.usgs.gov/earthquakes/eventpage/us6000k9rd","updated":1689458991040}},{"type":"Feature","id":"us6000k9z1","geometry":{"type":"Point","coordinates":[105.4293,29.1767]},"properties":{"eventId":"us6000k9z1","time":"2023-05-06T05:02:01Z","timestamp":1683349321459,"mag":4.4,"magType":"mb","depthKm":36.086,"place":"6 km ENE of Fuji, China","nearestDam":"向家坝水电站","nearestDamKm":116.85,"nearestBasin":"长江—金沙江干流","corridorDistanceKm":19.64,"source":"USGS FDSN Event Web Service","url":"https://earthquake.usgs.gov/earthquakes/eventpage/us6000k9z1","updated":1689459005040}},{"type":"Feature","id":"us6000karq","geometry":{"type":"Point","coordinates":[105.0519,28.0729]},"properties":{"eventId":"us6000karq","time":"2023-05-10T00:38:11Z","timestamp":1683679091455,"mag":4.5,"magType":"mb","depthKm":10.0,"place":"26 km S of Bowangshan, China","nearestDam":"向家坝水电站","nearestDamKm":90.57,"nearestBasin":"长江—金沙江干流","corridorDistanceKm":81.75,"source":"USGS FDSN Event Web Service","url":"https://earthquake.usgs.gov/earthquakes/eventpage/us6000karq","updated":1690053394040}},{"type":"Feature","id":"us6000kb71","geometry":{"type":"Point","coordinates":[102.0015,29.6196]},"properties":{"eventId":"us6000kb71","time":"2023-05-11T18:34:06Z","timestamp":1683830046124,"mag":4.9,"magType":"mww","depthKm":10.0,"place":"42 km S of Kangding, China","nearestDam":"大岗山水电站","nearestDamKm":28.42,"nearestBasin":"大渡河","corridorDistanceKm":18.49,"source":"USGS FDSN Event Web Service","url":"https://earthquake.usgs.gov/earthquakes/eventpage/us6000kb71","updated":1690053411040}},{"type":"Feature","id":"us6000kb7v","geometry":{"type":"Point","coordinates":[102.25,29.7649]},"properties":{"eventId":"us6000kb7v","time":"2023-05-11T20:32:10Z","timestamp":1683837130085,"mag":4.6,"magType":"mb","depthKm":10.0,"place":"38 km SE of Kangding, China","nearestDam":"大岗山水电站","nearestDamKm":35.28,"nearestBasin":"大渡河","corridorDistanceKm":7.35,"source":"USGS FDSN Event Web Service","url":"https://earthquake.usgs.gov/earthquakes/eventpage/us6000kb7v","updated":1690053412040}},{"type":"Feature","id":"us6000kb8y","geometry":{"type":"Point","coordinates":[102.1292,29.5306]},"properties":{"eventId":"us6000kb8y","time":"2023-05-11T22:07:21Z","timestamp":1683842841256,"mag":4.4,"magType":"mb","depthKm":16.04,"place":"54 km SSE of Kangding, China","nearestDam":"大岗山水电站","nearestDamKm":12.65,"nearestBasin":"大渡河","corridorDistanceKm":7.53,"source":"USGS FDSN Event Web Service","url":"https://earthquake.usgs.gov/earthquakes/eventpage/us6000kb8y","updated":1690053413040}},{"type":"Feature","id":"us6000kd7f","geometry":{"type":"Point","coordinates":[105.0864,28.1237]},"properties":{"eventId":"us6000kd7f","time":"2023-05-16T11:28:43Z","timestamp":1684236523708,"mag":4.2,"magType":"mb","depthKm":50.726,"place":"20 km S of Bowangshan, China","nearestDam":"向家坝水电站","nearestDamKm":89.21,"nearestBasin":"长江—金沙江干流","corridorDistanceKm":77.66,"source":"USGS FDSN Event Web Service","url":"https://earthquake.usgs.gov/earthquakes/eventpage/us6000kd7f","updated":1690161396040}},{"type":"Feature","id":"us6000kdqt","geometry":{"type":"Point","coordinates":[104.8535,28.413]},"properties":{"eventId":"us6000kdqt","time":"2023-05-21T19:56:44Z","timestamp":1684699004077,"mag":4.7,"magType":"mb","depthKm":10.0,"place":"14 km ESE of Xunchang, China","nearestDam":"向家坝水电站","nearestDamKm":51.83,"nearestBasin":"长江—金沙江干流","corridorDistanceKm":39.76,"source":"USGS FDSN Event Web Service","url":"https://earthquake.usgs.gov/earthquakes/eventpage/us6000kdqt","updated":1690668026040}},{"type":"Feature","id":"us7000k3nn","geometry":{"type":"Point","coordinates":[104.4859,28.3803]},"properties":{"eventId":"us7000k3nn","time":"2023-05-25T04:57:57Z","timestamp":1684990677779,"mag":4.4,"magType":"mb","depthKm":21.809,"place":"6 km SSW of Qingfu, China","nearestDam":"向家坝水电站","nearestDamKm":30.83,"nearestBasin":"长江—金沙江干流","corridorDistanceKm":29.88,"source":"USGS FDSN Event Web Service","url":"https://earthquake.usgs.gov/earthquakes/eventpage/us7000k3nn","updated":1690668036040}},{"type":"Feature","id":"us6000knns","geometry":{"type":"Point","coordinates":[111.3257,31.231]},"properties":{"eventId":"us6000knns","time":"2023-06-20T19:15:45Z","timestamp":1687288545991,"mag":4.2,"magType":"mb","depthKm":10.743,"place":"57 km N of Yichang, China","nearestDam":"三峡大坝","nearestDamKm":54.27,"nearestBasin":"长江—金沙江干流","corridorDistanceKm":54.15,"source":"USGS FDSN Event Web Service","url":"https://earthquake.usgs.gov/earthquakes/eventpage/us6000knns","updated":1693083258040}},{"type":"Feature","id":"us6000kpcy","geometry":{"type":"Point","coordinates":[104.9825,28.1045]},"properties":{"eventId":"us6000kpcy","time":"2023-07-01T03:56:06Z","timestamp":1688183766997,"mag":4.4,"magType":"mb","depthKm":10.0,"place":"23 km SSW of Bowangshan, China","nearestDam":"向家坝水电站","nearestDamKm":83.29,"nearestBasin":"长江—金沙江干流","corridorDistanceKm":76.11,"source":"USGS FDSN Event Web Service","url":"https://earthquake.usgs.gov/earthquakes/eventpage/us6000kpcy","updated":1694182711040}},{"type":"Feature","id":"us6000kwwg","geometry":{"type":"Point","coordinates":[104.1677,25.8684]},"properties":{"eventId":"us6000kwwg","time":"2023-07-31T17:56:44Z","timestamp":1690826204199,"mag":4.6,"magType":"mb","depthKm":10.0,"place":"57 km NE of Qujing, China","nearestDam":"白鹤滩水电站","nearestDamKm":150.0,"nearestBasin":"长江—金沙江干流","corridorDistanceKm":149.25,"source":"USGS FDSN Event Web Service","url":"https://earthquake.usgs.gov/earthquakes/eventpage/us6000kwwg","updated":1696714735040}},{"type":"Feature","id":"us7000knmi","geometry":{"type":"Point","coordinates":[101.8824,29.5203]},"properties":{"eventId":"us7000knmi","time":"2023-08-07T06:38:44Z","timestamp":1691390324416,"mag":4.6,"magType":"mb","depthKm":10.0,"place":"53 km S of Kangding, China","nearestDam":"大岗山水电站","nearestDamKm":33.63,"nearestBasin":"大渡河","corridorDistanceKm":31.31,"source":"USGS FDSN Event Web Service","url":"https://earthquake.usgs.gov/earthquakes/eventpage/us7000knmi","updated":1697580086040}},{"type":"Feature","id":"us6000kzpn","geometry":{"type":"Point","coordinates":[101.6549,24.9163]},"properties":{"eventId":"us6000kzpn","time":"2023-08-13T12:55:07Z","timestamp":1691931307861,"mag":4.6,"magType":"mb","depthKm":10.0,"place":"57 km WNW of Longquan, China","nearestDam":"鲁地拉水电站","nearestDamKm":165.81,"nearestBasin":"长江—金沙江干流","corridorDistanceKm":165.04,"source":"USGS FDSN Event Web Service","url":"https://earthquake.usgs.gov/earthquakes/eventpage/us6000kzpn","updated":1705610496516}},{"type":"Feature","id":"us7000kqq6","geometry":{"type":"Point","coordinates":[104.9492,29.4716]},"properties":{"eventId":"us7000kqq6","time":"2023-08-18T01:30:08Z","timestamp":1692322208894,"mag":4.4,"magType":"mb","depthKm":10.0,"place":"16 km SW of Neijiang, China","nearestDam":"向家坝水电站","nearestDamKm":106.56,"nearestBasin":"长江—金沙江干流","corridorDistanceKm":66.53,"source":"USGS FDSN Event Web Service","url":"https://earthquake.usgs.gov/earthquakes/eventpage/us7000kqq6","updated":1698442745040}},{"type":"Feature","id":"us7000kqq7","geometry":{"type":"Point","coordinates":[104.9587,29.5604]},"properties":{"eventId":"us7000kqq7","time":"2023-08-18T01:52:24Z","timestamp":1692323544512,"mag":4.4,"magType":"mb","depthKm":10.0,"place":"10 km WSW of Neijiang, China","nearestDam":"向家坝水电站","nearestDamKm":115.61,"nearestBasin":"长江—金沙江干流","corridorDistanceKm":75.39,"source":"USGS FDSN Event Web Service","url":"https://earthquake.usgs.gov/earthquakes/eventpage/us7000kqq7","updated":1698442745040}},{"type":"Feature","id":"us7000kqqa","geometry":{"type":"Point","coordinates":[104.9135,29.475]},"properties":{"eventId":"us7000kqqa","time":"2023-08-18T02:39:23Z","timestamp":1692326363340,"mag":4.5,"magType":"mb","depthKm":10.0,"place":"18 km SW of Neijiang, China","nearestDam":"向家坝水电站","nearestDamKm":105.18,"nearestBasin":"长江—金沙江干流","corridorDistanceKm":68.1,"source":"USGS FDSN Event Web Service","url":"https://earthquake.usgs.gov/earthquakes/eventpage/us7000kqqa","updated":1698442745040}},{"type":"Feature","id":"us7000kpfg","geometry":{"type":"Point","coordinates":[104.9421,29.533]},"properties":{"eventId":"us7000kpfg","time":"2023-08-19T07:31:49Z","timestamp":1692430309678,"mag":4.7,"magType":"mb","depthKm":10.0,"place":"12 km WSW of Neijiang, China","nearestDam":"向家坝水电站","nearestDamKm":112.16,"nearestBasin":"长江—金沙江干流","corridorDistanceKm":73.12,"source":"USGS FDSN Event Web Service","url":"https://earthquake.usgs.gov/earthquakes/eventpage/us7000kpfg","updated":1742979477667}},{"type":"Feature","id":"us7000kwxc","geometry":{"type":"Point","coordinates":[102.7522,30.0329]},"properties":{"eventId":"us7000kwxc","time":"2023-09-15T09:55:46Z","timestamp":1694771746241,"mag":4.2,"magType":"mb","depthKm":10.0,"place":"24 km WNW of Ya'an, China","nearestDam":"瀑布沟水电站","nearestDamKm":81.16,"nearestBasin":"大渡河","corridorDistanceKm":59.14,"source":"USGS FDSN Event Web Service","url":"https://earthquake.usgs.gov/earthquakes/eventpage/us7000kwxc","updated":1700346576040}},{"type":"Feature","id":"us6000lc71","geometry":{"type":"Point","coordinates":[103.9191,27.1351]},"properties":{"eventId":"us6000lc71","time":"2023-10-02T04:41:25Z","timestamp":1696221685848,"mag":4.3,"magType":"mb","depthKm":10.0,"place":"28 km SE of Zhaotong, China","nearestDam":"白鹤滩水电站","nearestDamKm":102.19,"nearestBasin":"长江—金沙江干流","corridorDistanceKm":69.0,"source":"USGS FDSN Event Web Service","url":"https://earthquake.usgs.gov/earthquakes/eventpage/us6000lc71","updated":1702589211040}},{"type":"Feature","id":"us6000lgwr","geometry":{"type":"Point","coordinates":[101.9254,29.5244]},"properties":{"eventId":"us6000lgwr","time":"2023-10-16T07:30:05Z","timestamp":1697441405886,"mag":4.4,"magType":"mb","depthKm":10.0,"place":"53 km S of Kangding, China","nearestDam":"大岗山水电站","nearestDamKm":29.73,"nearestBasin":"大渡河","corridorDistanceKm":27.13,"source":"USGS FDSN Event Web Service","url":"https://earthquake.usgs.gov/earthquakes/eventpage/us6000lgwr","updated":1703625884040}},{"type":"Feature","id":"us6000lp43","geometry":{"type":"Point","coordinates":[102.8025,27.0352]},"properties":{"eventId":"us6000lp43","time":"2023-11-13T00:56:32Z","timestamp":1699836992403,"mag":4.5,"magType":"mb","depthKm":10.0,"place":"95 km WSW of Zhaotong, China","nearestDam":"白鹤滩水电站","nearestDamKm":40.24,"nearestBasin":"长江—金沙江干流","corridorDistanceKm":30.53,"source":"USGS FDSN Event Web Service","url":"https://earthquake.usgs.gov/earthquakes/eventpage/us6000lp43","updated":1706287068040}},{"type":"Feature","id":"us7000lf4t","geometry":{"type":"Point","coordinates":[105.8142,25.5157]},"properties":{"eventId":"us7000lf4t","time":"2023-11-27T23:30:14Z","timestamp":1701127814726,"mag":4.2,"magType":"mb","depthKm":10.189,"place":"54 km NNE of Anlong, China","nearestDam":"洪家渡水电站","nearestDamKm":150.99,"nearestBasin":"乌江","corridorDistanceKm":150.02,"source":"USGS FDSN Event Web Service","url":"https://earthquake.usgs.gov/earthquakes/eventpage/us7000lf4t","updated":1707256436040}},{"type":"Feature","id":"us7000ley0","geometry":{"type":"Point","coordinates":[104.7057,28.4058]},"properties":{"eventId":"us7000ley0","time":"2023-11-30T20:36:26Z","timestamp":1701376586246,"mag":4.3,"magType":"mb","depthKm":10.0,"place":"5 km S of Xunchang, China","nearestDam":"向家坝水电站","nearestDamKm":40.5,"nearestBasin":"长江—金沙江干流","corridorDistanceKm":35.46,"source":"USGS FDSN Event Web Service","url":"https://earthquake.usgs.gov/earthquakes/eventpage/us7000ley0","updated":1707256435040}},{"type":"Feature","id":"us7000lezh","geometry":{"type":"Point","coordinates":[104.1779,27.2089]},"properties":{"eventId":"us7000lezh","time":"2023-12-01T01:25:12Z","timestamp":1701393912842,"mag":4.6,"magType":"mb","depthKm":10.0,"place":"40 km N of Weining, China","nearestDam":"溪洛渡水电站","nearestDamKm":127.94,"nearestBasin":"长江—金沙江干流","corridorDistanceKm":90.09,"source":"USGS FDSN Event Web Service","url":"https://earthquake.usgs.gov/earthquakes/eventpage/us7000lezh","updated":1707256435040}},{"type":"Feature","id":"us7000liua","geometry":{"type":"Point","coordinates":[105.5031,29.2812]},"properties":{"eventId":"us7000liua","time":"2023-12-14T02:39:03Z","timestamp":1702521543372,"mag":4.4,"magType":"mb","depthKm":37.245,"place":"2 km E of Qingjiang, China","nearestDam":"草街航电枢纽","nearestDamKm":110.36,"nearestBasin":"嘉陵江","corridorDistanceKm":27.93,"source":"USGS FDSN Event Web Service","url":"https://earthquake.usgs.gov/earthquakes/eventpage/us7000liua","updated":1708209789040}},{"type":"Feature","id":"us6000m16t","geometry":{"type":"Point","coordinates":[104.8521,28.3097]},"properties":{"eventId":"us6000m16t","time":"2023-12-19T13:49:48Z","timestamp":1702993788203,"mag":4.4,"magType":"mb","depthKm":10.0,"place":"19 km W of Bowangshan, China","nearestDam":"向家坝水电站","nearestDamKm":58.33,"nearestBasin":"长江—金沙江干流","corridorDistanceKm":50.41,"source":"USGS FDSN Event Web Service","url":"https://earthquake.usgs.gov/earthquakes/eventpage/us6000m16t","updated":1709074616040}},{"type":"Feature","id":"us6000m2wk","geometry":{"type":"Point","coordinates":[104.3228,29.0585]},"properties":{"eventId":"us6000m2wk","time":"2023-12-31T06:07:02Z","timestamp":1704002822523,"mag":4.1,"magType":"mb","depthKm":10.0,"place":"8 km WSW of Guanyin, China","nearestDam":"向家坝水电站","nearestDamKm":46.44,"nearestBasin":"长江—金沙江干流","corridorDistanceKm":7.95,"source":"USGS FDSN Event Web Service","url":"https://earthquake.usgs.gov/earthquakes/eventpage/us6000m2wk","updated":1709415577040}},{"type":"Feature","id":"us6000m4s9","geometry":{"type":"Point","coordinates":[105.0882,28.1308]},"properties":{"eventId":"us6000m4s9","time":"2024-01-19T17:41:42Z","timestamp":1705686102324,"mag":4.6,"magType":"mb","depthKm":10.0,"place":"19 km S of Bowangshan, China","nearestDam":"向家坝水电站","nearestDamKm":88.84,"nearestBasin":"长江—金沙江干流","corridorDistanceKm":76.99,"source":"USGS FDSN Event Web Service","url":"https://earthquake.usgs.gov/earthquakes/eventpage/us6000m4s9","updated":1711733874040}},{"type":"Feature","id":"us6000mgpw","geometry":{"type":"Point","coordinates":[102.4984,29.3214]},"properties":{"eventId":"us6000mgpw","time":"2024-02-28T13:23:28Z","timestamp":1709126608767,"mag":4.2,"magType":"mb","depthKm":10.0,"place":"88 km SSW of Ya'an, China","nearestDam":"瀑布沟水电站","nearestDamKm":23.05,"nearestBasin":"大渡河","corridorDistanceKm":5.12,"source":"USGS FDSN Event Web Service","url":"https://earthquake.usgs.gov/earthquakes/eventpage/us6000mgpw","updated":1715376359040}},{"type":"Feature","id":"us7000m7x8","geometry":{"type":"Point","coordinates":[105.0883,28.2949]},"properties":{"eventId":"us7000m7x8","time":"2024-03-20T03:51:52Z","timestamp":1710906712517,"mag":4.1,"magType":"mb","depthKm":10.0,"place":"3 km ESE of Bowangshan, China","nearestDam":"向家坝水电站","nearestDamKm":78.3,"nearestBasin":"长江—金沙江干流","corridorDistanceKm":60.0,"source":"USGS FDSN Event Web Service","url":"https://earthquake.usgs.gov/earthquakes/eventpage/us7000m7x8","updated":1716819563040}},{"type":"Feature","id":"us7000m83q","geometry":{"type":"Point","coordinates":[102.6621,27.9963]},"properties":{"eventId":"us7000m83q","time":"2024-03-21T10:57:07Z","timestamp":1711018627456,"mag":4.2,"magType":"mb","depthKm":10.0,"place":"40 km ENE of Xichang, China","nearestDam":"官地水电站","nearestDamKm":79.53,"nearestBasin":"雅砻江","corridorDistanceKm":79.53,"source":"USGS FDSN Event Web Service","url":"https://earthquake.usgs.gov/earthquakes/eventpage/us7000m83q","updated":1716819564040}},{"type":"Feature","id":"us7000m8ae","geometry":{"type":"Point","coordinates":[101.3459,31.6303]},"properties":{"eventId":"us7000m8ae","time":"2024-03-27T10:36:30Z","timestamp":1711535790135,"mag":4.4,"magType":"mb","depthKm":10.0,"place":"189 km NNW of Kangding, China","nearestDam":"猴子岩水电站","nearestDamKm":137.51,"nearestBasin":"大渡河","corridorDistanceKm":137.15,"source":"USGS FDSN Event Web Service","url":"https://earthquake.usgs.gov/earthquakes/eventpage/us7000m8ae","updated":1717278947040}},{"type":"Feature","id":"us7000m8c8","geometry":{"type":"Point","coordinates":[99.8886,29.8724]},"properties":{"eventId":"us7000m8c8","time":"2024-03-27T14:59:04Z","timestamp":1711551544317,"mag":4.0,"magType":"mb","depthKm":10.0,"place":"100 km NNW of Daocheng, China","nearestDam":"两河口水电站","nearestDamKm":113.71,"nearestBasin":"雅砻江","corridorDistanceKm":111.74,"source":"USGS FDSN Event Web Service","url":"https://earthquake.usgs.gov/earthquakes/eventpage/us7000m8c8","updated":1717278947040}},{"type":"Feature","id":"us7000mack","geometry":{"type":"Point","coordinates":[103.4715,27.1432]},"properties":{"eventId":"us7000mack","time":"2024-04-06T02:29:22Z","timestamp":1712370562577,"mag":5.0,"magType":"mww","depthKm":10.0,"place":"30 km SW of Zhaotong, China","nearestDam":"白鹤滩水电站","nearestDamKm":66.4,"nearestBasin":"长江—金沙江干流","corridorDistanceKm":27.24,"source":"USGS FDSN Event Web Service","url":"https://earthquake.usgs.gov/earthquakes/eventpage/us7000mack","updated":1718229115040}},{"type":"Feature","id":"us7000mazk","geometry":{"type":"Point","coordinates":[100.2389,28.049]},"properties":{"eventId":"us7000mazk","time":"2024-04-09T14:07:05Z","timestamp":1712671625932,"mag":5.0,"magType":"mb","depthKm":30.53,"place":"48 km WNW of Yongning, China","nearestDam":"梨园水电站","nearestDamKm":41.45,"nearestBasin":"长江—金沙江干流","corridorDistanceKm":41.22,"source":"USGS FDSN Event Web Service","url":"https://earthquake.usgs.gov/earthquakes/eventpage/us7000mazk","updated":1718590498040}},{"type":"Feature","id":"us6000mtsb","geometry":{"type":"Point","coordinates":[102.292,28.3726]},"properties":{"eventId":"us6000mtsb","time":"2024-04-18T23:55:26Z","timestamp":1713484526565,"mag":4.2,"magType":"mb","depthKm":10.0,"place":"52 km N of Xichang, China","nearestDam":"锦屏二级水电站","nearestDamKm":55.47,"nearestBasin":"雅砻江","corridorDistanceKm":55.46,"source":"USGS FDSN Event Web Service","url":"https://earthquake.usgs.gov/earthquakes/eventpage/us6000mtsb","updated":1719349350040}},{"type":"Feature","id":"us6000mv8u","geometry":{"type":"Point","coordinates":[103.8252,28.6472]},"properties":{"eventId":"us6000mv8u","time":"2024-04-23T13:54:50Z","timestamp":1713880490008,"mag":4.4,"magType":"mb","depthKm":10.0,"place":"52 km SW of Juexi, China","nearestDam":"溪洛渡水电站","nearestDamKm":46.81,"nearestBasin":"长江—金沙江干流","corridorDistanceKm":28.21,"source":"USGS FDSN Event Web Service","url":"https://earthquake.usgs.gov/earthquakes/eventpage/us6000mv8u","updated":1719958359040}},{"type":"Feature","id":"us6000mteb","geometry":{"type":"Point","coordinates":[99.8131,25.2199]},"properties":{"eventId":"us6000mteb","time":"2024-04-24T05:05:18Z","timestamp":1713935118618,"mag":4.4,"magType":"mb","depthKm":10.0,"place":"39 km SE of Bonan, China","nearestDam":"鲁地拉水电站","nearestDamKm":148.38,"nearestBasin":"长江—金沙江干流","corridorDistanceKm":147.84,"source":"USGS FDSN Event Web Service","url":"https://earthquake.usgs.gov/earthquakes/eventpage/us6000mteb","updated":1719958357040}},{"type":"Feature","id":"us7000mnic","geometry":{"type":"Point","coordinates":[102.0583,29.7943]},"properties":{"eventId":"us7000mnic","time":"2024-05-21T01:38:37Z","timestamp":1716255517695,"mag":4.2,"magType":"mb","depthKm":10.0,"place":"25 km SSE of Kangding, China","nearestDam":"大岗山水电站","nearestDamKm":41.49,"nearestBasin":"大渡河","corridorDistanceKm":10.58,"source":"USGS FDSN Event Web Service","url":"https://earthquake.usgs.gov/earthquakes/eventpage/us7000mnic","updated":1722910218040}},{"type":"Feature","id":"us7000mnj0","geometry":{"type":"Point","coordinates":[103.128,27.268]},"properties":{"eventId":"us7000mnj0","time":"2024-05-21T16:54:13Z","timestamp":1716310453152,"mag":4.3,"magType":"mb","depthKm":18.642,"place":"58 km W of Zhaotong, China","nearestDam":"白鹤滩水电站","nearestDamKm":62.34,"nearestBasin":"长江—金沙江干流","corridorDistanceKm":9.4,"source":"USGS FDSN Event Web Service","url":"https://earthquake.usgs.gov/earthquakes/eventpage/us7000mnj0","updated":1722910204040}},{"type":"Feature","id":"us6000n177","geometry":{"type":"Point","coordinates":[100.6748,28.232]},"properties":{"eventId":"us6000n177","time":"2024-05-27T03:07:11Z","timestamp":1716779231247,"mag":5.1,"magType":"mww","depthKm":10.0,"place":"44 km N of Yongning, China","nearestDam":"杨房沟水电站","nearestDamKm":69.3,"nearestBasin":"雅砻江","corridorDistanceKm":68.96,"source":"USGS FDSN Event Web Service","url":"https://earthquake.usgs.gov/earthquakes/eventpage/us6000n177","updated":1722976365040}},{"type":"Feature","id":"us6000n18p","geometry":{"type":"Point","coordinates":[100.523,28.1464]},"properties":{"eventId":"us6000n18p","time":"2024-05-27T08:25:36Z","timestamp":1716798336603,"mag":4.7,"magType":"mb","depthKm":10.0,"place":"37 km NNW of Yongning, China","nearestDam":"梨园水电站","nearestDamKm":56.76,"nearestBasin":"长江—金沙江干流","corridorDistanceKm":56.52,"source":"USGS FDSN Event Web Service","url":"https://earthquake.usgs.gov/earthquakes/eventpage/us6000n18p","updated":1722976365040}},{"type":"Feature","id":"us6000n18x","geometry":{"type":"Point","coordinates":[100.5735,28.1289]},"properties":{"eventId":"us6000n18x","time":"2024-05-27T10:37:11Z","timestamp":1716806231374,"mag":4.8,"magType":"mb","depthKm":10.0,"place":"34 km NNW of Yongning, China","nearestDam":"梨园水电站","nearestDamKm":57.22,"nearestBasin":"长江—金沙江干流","corridorDistanceKm":57.02,"source":"USGS FDSN Event Web Service","url":"https://earthquake.usgs.gov/earthquakes/eventpage/us6000n18x","updated":1722976365040}},{"type":"Feature","id":"us7000mq2k","geometry":{"type":"Point","coordinates":[100.6462,28.2065]},"properties":{"eventId":"us7000mq2k","time":"2024-05-27T10:39:17Z","timestamp":1716806357621,"mag":4.5,"magType":"mb","depthKm":10.0,"place":"41 km N of Yongning, China","nearestDam":"梨园水电站","nearestDamKm":68.26,"nearestBasin":"长江—金沙江干流","corridorDistanceKm":68.03,"source":"USGS FDSN Event Web Service","url":"https://earthquake.usgs.gov/earthquakes/eventpage/us7000mq2k","updated":1722976371040}},{"type":"Feature","id":"us7000mqnp","geometry":{"type":"Point","coordinates":[100.7355,28.3589]},"properties":{"eventId":"us7000mqnp","time":"2024-05-30T17:10:22Z","timestamp":1717089022521,"mag":4.2,"magType":"mb","depthKm":10.0,"place":"58 km N of Yongning, China","nearestDam":"杨房沟水电站","nearestDamKm":55.78,"nearestBasin":"雅砻江","corridorDistanceKm":55.52,"source":"USGS FDSN Event Web Service","url":"https://earthquake.usgs.gov/earthquakes/eventpage/us7000mqnp","updated":1722976371040}},{"type":"Feature","id":"us7000mrqm","geometry":{"type":"Point","coordinates":[102.0695,27.3141]},"properties":{"eventId":"us7000mrqm","time":"2024-06-04T04:14:11Z","timestamp":1717474451926,"mag":4.4,"magType":"mb","depthKm":10.0,"place":"67 km SSW of Xichang, China","nearestDam":"官地水电站","nearestDamKm":59.22,"nearestBasin":"雅砻江","corridorDistanceKm":23.5,"source":"USGS FDSN Event Web Service","url":"https://earthquake.usgs.gov/earthquakes/eventpage/us7000mrqm","updated":1723845564040}},{"type":"Feature","id":"us6000n8y2","geometry":{"type":"Point","coordinates":[106.4665,25.4049]},"properties":{"eventId":"us6000n8y2","time":"2024-06-23T08:27:51Z","timestamp":1719131271090,"mag":4.2,"magType":"mb","depthKm":10.011,"place":"81 km NE of Zhelou, China","nearestDam":"东风水电站","nearestDamKm":164.15,"nearestBasin":"乌江","corridorDistanceKm":163.26,"source":"USGS FDSN Event Web Service","url":"https://earthquake.usgs.gov/earthquakes/eventpage/us6000n8y2","updated":1725041826040}},{"type":"Feature","id":"us7000mu6p","geometry":{"type":"Point","coordinates":[106.7745,25.8619]},"properties":{"eventId":"us7000mu6p","time":"2024-06-23T23:48:35Z","timestamp":1719186515037,"mag":4.3,"magType":"mb","depthKm":10.0,"place":"76 km W of Dushan, China","nearestDam":"索风营水电站","nearestDamKm":124.28,"nearestBasin":"乌江","corridorDistanceKm":123.64,"source":"USGS FDSN Event Web Service","url":"https://earthquake.usgs.gov/earthquakes/eventpage/us7000mu6p","updated":1725041825040}},{"type":"Feature","id":"us6000n9wr","geometry":{"type":"Point","coordinates":[106.6973,25.7028]},"properties":{"eventId":"us6000n9wr","time":"2024-06-25T22:48:55Z","timestamp":1719355735006,"mag":4.3,"magType":"mb","depthKm":10.0,"place":"85 km W of Dushan, China","nearestDam":"索风营水电站","nearestDamKm":138.98,"nearestBasin":"乌江","corridorDistanceKm":137.89,"source":"USGS FDSN Event Web Service","url":"https://earthquake.usgs.gov/earthquakes/eventpage/us6000n9wr","updated":1725487061040}},{"type":"Feature","id":"us6000n88d","geometry":{"type":"Point","coordinates":[100.8523,26.8514]},"properties":{"eventId":"us6000n88d","time":"2024-06-26T08:19:08Z","timestamp":1719389948140,"mag":4.8,"magType":"mb","depthKm":10.0,"place":"6 km W of Zhanhe, China","nearestDam":"金安桥水电站","nearestDamKm":40.51,"nearestBasin":"长江—金沙江干流","corridorDistanceKm":39.55,"source":"USGS FDSN Event Web Service","url":"https://earthquake.usgs.gov/earthquakes/eventpage/us6000n88d","updated":1725487061040}},{"type":"Feature","id":"us6000n88e","geometry":{"type":"Point","coordinates":[100.8211,27.0157]},"properties":{"eventId":"us6000n88e","time":"2024-06-26T08:36:14Z","timestamp":1719390974541,"mag":4.7,"magType":"mb","depthKm":10.0,"place":"19 km SSW of Xinyingpan, China","nearestDam":"金安桥水电站","nearestDamKm":43.7,"nearestBasin":"长江—金沙江干流","corridorDistanceKm":34.7,"source":"USGS FDSN Event Web Service","url":"https://earthquake.usgs.gov/earthquakes/eventpage/us6000n88e","updated":1725487061040}},{"type":"Feature","id":"us6000n8j9","geometry":{"type":"Point","coordinates":[106.4863,25.6426]},"properties":{"eventId":"us6000n8j9","time":"2024-06-27T01:28:17Z","timestamp":1719451697814,"mag":4.3,"magType":"mb","depthKm":10.0,"place":"87 km SE of Anshun, China","nearestDam":"东风水电站","nearestDamKm":138.74,"nearestBasin":"乌江","corridorDistanceKm":138.0,"source":"USGS FDSN Event Web Service","url":"https://earthquake.usgs.gov/earthquakes/eventpage/us6000n8j9","updated":1725487062040}},{"type":"Feature","id":"us7000myaq","geometry":{"type":"Point","coordinates":[106.5625,25.4679]},"properties":{"eventId":"us7000myaq","time":"2024-07-03T01:04:17Z","timestamp":1719968657392,"mag":4.4,"magType":"mb","depthKm":9.229,"place":"93 km NE of Zhelou, China","nearestDam":"东风水电站","nearestDamKm":159.45,"nearestBasin":"乌江","corridorDistanceKm":158.6,"source":"USGS FDSN Event Web Service","url":"https://earthquake.usgs.gov/earthquakes/eventpage/us7000myaq","updated":1726177951040}},{"type":"Feature","id":"us7000mzd6","geometry":{"type":"Point","coordinates":[105.626,29.3328]},"properties":{"eventId":"us7000mzd6","time":"2024-07-07T02:56:43Z","timestamp":1720321003273,"mag":4.3,"magType":"mb","depthKm":10.0,"place":"3 km WSW of Yongrong, China","nearestDam":"草街航电枢纽","nearestDamKm":97.56,"nearestBasin":"嘉陵江","corridorDistanceKm":29.08,"source":"USGS FDSN Event Web Service","url":"https://earthquake.usgs.gov/earthquakes/eventpage/us7000mzd6","updated":1726177952040}},{"type":"Feature","id":"us6000nf1m","geometry":{"type":"Point","coordinates":[104.7659,26.3142]},"properties":{"eventId":"us6000nf1m","time":"2024-07-23T23:55:02Z","timestamp":1721778902968,"mag":5.2,"magType":"mb","depthKm":10.0,"place":"31 km SSW of Liupanshui, China","nearestDam":"洪家渡水电站","nearestDamKm":125.01,"nearestBasin":"乌江","corridorDistanceKm":124.87,"source":"USGS FDSN Event Web Service","url":"https://earthquake.usgs.gov/earthquakes/eventpage/us6000nf1m","updated":1728424151005}},{"type":"Feature","id":"us6000nmvn","geometry":{"type":"Point","coordinates":[102.0208,29.4609]},"properties":{"eventId":"us6000nmvn","time":"2024-08-06T04:57:13Z","timestamp":1722920233565,"mag":4.5,"magType":"mb","depthKm":10.0,"place":"60 km S of Kangding, China","nearestDam":"大岗山水电站","nearestDamKm":19.33,"nearestBasin":"大渡河","corridorDistanceKm":18.9,"source":"USGS FDSN Event Web Service","url":"https://earthquake.usgs.gov/earthquakes/eventpage/us6000nmvn","updated":1729792693040}},{"type":"Feature","id":"us6000nign","geometry":{"type":"Point","coordinates":[101.9449,29.4205]},"properties":{"eventId":"us6000nign","time":"2024-08-07T02:44:49Z","timestamp":1722998689272,"mag":4.5,"magType":"mb","depthKm":10.0,"place":"64 km S of Kangding, China","nearestDam":"大岗山水电站","nearestDamKm":26.82,"nearestBasin":"大渡河","corridorDistanceKm":26.75,"source":"USGS FDSN Event Web Service","url":"https://earthquake.usgs.gov/earthquakes/eventpage/us6000nign","updated":1729792609040}},{"type":"Feature","id":"us6000npvp","geometry":{"type":"Point","coordinates":[100.5776,28.1507]},"properties":{"eventId":"us6000npvp","time":"2024-08-13T12:08:58Z","timestamp":1723550938968,"mag":4.3,"magType":"mb","depthKm":10.0,"place":"36 km NNW of Yongning, China","nearestDam":"梨园水电站","nearestDamKm":59.54,"nearestBasin":"长江—金沙江干流","corridorDistanceKm":59.32,"source":"USGS FDSN Event Web Service","url":"https://earthquake.usgs.gov/earthquakes/eventpage/us6000npvp","updated":1729957687040}},{"type":"Feature","id":"us6000nq2j","geometry":{"type":"Point","coordinates":[100.5409,27.1518]},"properties":{"eventId":"us6000nq2j","time":"2024-08-14T14:42:58Z","timestamp":1723646578933,"mag":4.0,"magType":"mb","depthKm":10.0,"place":"34 km WSW of Daxing, China","nearestDam":"阿海水电站","nearestDamKm":22.11,"nearestBasin":"长江—金沙江干流","corridorDistanceKm":5.59,"source":"USGS FDSN Event Web Service","url":"https://earthquake.usgs.gov/earthquakes/eventpage/us6000nq2j","updated":1729957690040}},{"type":"Feature","id":"us6000nwit","geometry":{"type":"Point","coordinates":[105.1403,27.9919]},"properties":{"eventId":"us6000nwit","time":"2024-08-31T10:40:18Z","timestamp":1725100818487,"mag":4.1,"magType":"mb","depthKm":10.0,"place":"35 km SW of Xuyong, China","nearestDam":"向家坝水电站","nearestDamKm":103.07,"nearestBasin":"长江—金沙江干流","corridorDistanceKm":93.15,"source":"USGS FDSN Event Web Service","url":"https://earthquake.usgs.gov/earthquakes/eventpage/us6000nwit","updated":1731187150040}},{"type":"Feature","id":"us6000nyzu","geometry":{"type":"Point","coordinates":[104.9472,28.1548]},"properties":{"eventId":"us6000nyzu","time":"2024-09-14T01:16:37Z","timestamp":1726276597661,"mag":4.4,"magType":"mb","depthKm":10.0,"place":"19 km SSW of Bowangshan, China","nearestDam":"向家坝水电站","nearestDamKm":76.87,"nearestBasin":"长江—金沙江干流","corridorDistanceKm":69.69,"source":"USGS FDSN Event Web Service","url":"https://earthquake.usgs.gov/earthquakes/eventpage/us6000nyzu","updated":1732229934040}},{"type":"Feature","id":"us6000ntb2","geometry":{"type":"Point","coordinates":[102.0325,28.9728]},"properties":{"eventId":"us6000ntb2","time":"2024-09-18T14:44:00Z","timestamp":1726670640013,"mag":4.4,"magType":"mb","depthKm":10.0,"place":"114 km S of Kangding, China","nearestDam":"大岗山水电站","nearestDamKm":55.96,"nearestBasin":"大渡河","corridorDistanceKm":55.66,"source":"USGS FDSN Event Web Service","url":"https://earthquake.usgs.gov/earthquakes/eventpage/us6000ntb2","updated":1732404382040}},{"type":"Feature","id":"us6000nxlt","geometry":{"type":"Point","coordinates":[105.1498,28.0503]},"properties":{"eventId":"us6000nxlt","time":"2024-10-09T17:52:51Z","timestamp":1728496371711,"mag":4.9,"magType":"mb","depthKm":10.457,"place":"30 km SSE of Bowangshan, China","nearestDam":"向家坝水电站","nearestDamKm":99.28,"nearestBasin":"长江—金沙江干流","corridorDistanceKm":87.43,"source":"USGS FDSN Event Web Service","url":"https://earthquake.usgs.gov/earthquakes/eventpage/us6000nxlt","updated":1734968779040}},{"type":"Feature","id":"us7000nrps","geometry":{"type":"Point","coordinates":[104.5191,26.0458]},"properties":{"eventId":"us7000nrps","time":"2024-10-26T10:23:59Z","timestamp":1729938239971,"mag":4.3,"magType":"mb","depthKm":12.091,"place":"68 km SSW of Liupanshui, China","nearestDam":"洪家渡水电站","nearestDamKm":161.85,"nearestBasin":"乌江","corridorDistanceKm":161.55,"source":"USGS FDSN Event Web Service","url":"https://earthquake.usgs.gov/earthquakes/eventpage/us7000nrps","updated":1736032138040}},{"type":"Feature","id":"us7000nrzw","geometry":{"type":"Point","coordinates":[102.1197,27.4045]},"properties":{"eventId":"us7000nrzw","time":"2024-11-15T15:02:19Z","timestamp":1731682939330,"mag":4.4,"magType":"mb","depthKm":10.0,"place":"56 km SSW of Xichang, China","nearestDam":"官地水电站","nearestDamKm":51.87,"nearestBasin":"雅砻江","corridorDistanceKm":27.61,"source":"USGS FDSN Event Web Service","url":"https://earthquake.usgs.gov/earthquakes/eventpage/us7000nrzw","updated":1737909007040}},{"type":"Feature","id":"us7000nutz","geometry":{"type":"Point","coordinates":[104.0339,27.5223]},"properties":{"eventId":"us7000nutz","time":"2024-11-28T21:00:06Z","timestamp":1732827606188,"mag":4.4,"magType":"mb","depthKm":10.0,"place":"38 km NE of Zhaotong, China","nearestDam":"溪洛渡水电站","nearestDamKm":90.33,"nearestBasin":"长江—金沙江干流","corridorDistanceKm":64.57,"source":"USGS FDSN Event Web Service","url":"https://earthquake.usgs.gov/earthquakes/eventpage/us7000nutz","updated":1738457598040}},{"type":"Feature","id":"us6000phh7","geometry":{"type":"Point","coordinates":[100.7419,26.1308]},"properties":{"eventId":"us6000phh7","time":"2024-12-18T16:46:43Z","timestamp":1734540403648,"mag":4.3,"magType":"mb","depthKm":10.0,"place":"20 km NE of Pianjiao, China","nearestDam":"鲁地拉水电站","nearestDamKm":10.82,"nearestBasin":"长江—金沙江干流","corridorDistanceKm":10.78,"source":"USGS FDSN Event Web Service","url":"https://earthquake.usgs.gov/earthquakes/eventpage/us6000phh7","updated":1740677448040}},{"type":"Feature","id":"us6000phk1","geometry":{"type":"Point","coordinates":[103.3194,27.0059]},"properties":{"eventId":"us6000phk1","time":"2024-12-20T23:06:04Z","timestamp":1734735964089,"mag":4.3,"magType":"mb","depthKm":10.0,"place":"52 km SW of Zhaotong, China","nearestDam":"白鹤滩水电站","nearestDamKm":44.96,"nearestBasin":"长江—金沙江干流","corridorDistanceKm":18.48,"source":"USGS FDSN Event Web Service","url":"https://earthquake.usgs.gov/earthquakes/eventpage/us6000phk1","updated":1740677448040}},{"type":"Feature","id":"us6000pi9u","geometry":{"type":"Point","coordinates":[108.3969,28.4455]},"properties":{"eventId":"us6000pi9u","time":"2025-01-07T00:52:50Z","timestamp":1736211170774,"mag":4.0,"magType":"mb","depthKm":10.0,"place":"23 km WSW of Lixi, China","nearestDam":"沙沱水电站","nearestDamKm":9.64,"nearestBasin":"乌江","corridorDistanceKm":4.09,"source":"USGS FDSN Event Web Service","url":"https://earthquake.usgs.gov/earthquakes/eventpage/us6000pi9u","updated":1742247300040}},{"type":"Feature","id":"us6000pkql","geometry":{"type":"Point","coordinates":[99.8279,28.1006]},"properties":{"eventId":"us6000pkql","time":"2025-01-07T06:47:44Z","timestamp":1736232464965,"mag":4.4,"magType":"mb","depthKm":10.0,"place":"32 km NNE of Shangri-La, China","nearestDam":"梨园水电站","nearestDamKm":65.31,"nearestBasin":"长江—金沙江干流","corridorDistanceKm":65.21,"source":"USGS FDSN Event Web Service","url":"https://earthquake.usgs.gov/earthquakes/eventpage/us6000pkql","updated":1742247307040}},{"type":"Feature","id":"us6000pjxx","geometry":{"type":"Point","coordinates":[105.4182,27.9272]},"properties":{"eventId":"us6000pjxx","time":"2025-01-14T17:32:57Z","timestamp":1736875977282,"mag":4.3,"magType":"mb","depthKm":10.0,"place":"26 km S of Xuyong, China","nearestDam":"洪家渡水电站","nearestDamKm":124.96,"nearestBasin":"乌江","corridorDistanceKm":109.34,"source":"USGS FDSN Event Web Service","url":"https://earthquake.usgs.gov/earthquakes/eventpage/us6000pjxx","updated":1742504129040}},{"type":"Feature","id":"us6000pl82","geometry":{"type":"Point","coordinates":[104.9021,29.5398]},"properties":{"eventId":"us6000pl82","time":"2025-01-20T13:59:55Z","timestamp":1737381595434,"mag":4.5,"magType":"mb","depthKm":10.0,"place":"16 km WSW of Neijiang, China","nearestDam":"向家坝水电站","nearestDamKm":111.05,"nearestBasin":"长江—金沙江干流","corridorDistanceKm":75.19,"source":"USGS FDSN Event Web Service","url":"https://earthquake.usgs.gov/earthquakes/eventpage/us6000pl82","updated":1743286364040}},{"type":"Feature","id":"us7000pacn","geometry":{"type":"Point","coordinates":[104.8555,29.4755]},"properties":{"eventId":"us7000pacn","time":"2025-01-22T21:50:20Z","timestamp":1737582620085,"mag":4.3,"magType":"mb","depthKm":10.0,"place":"16 km NNE of Zigong, China","nearestDam":"向家坝水电站","nearestDamKm":102.64,"nearestBasin":"长江—金沙江干流","corridorDistanceKm":70.13,"source":"USGS FDSN Event Web Service","url":"https://earthquake.usgs.gov/earthquakes/eventpage/us7000pacn","updated":1744149663040}},{"type":"Feature","id":"us7000pb1r","geometry":{"type":"Point","coordinates":[102.1949,29.4689]},"properties":{"eventId":"us7000pb1r","time":"2025-01-25T05:30:53Z","timestamp":1737783053494,"mag":4.6,"magType":"mb","depthKm":10.0,"place":"63 km SSE of Kangding, China","nearestDam":"大岗山水电站","nearestDamKm":3.31,"nearestBasin":"大渡河","corridorDistanceKm":2.11,"source":"USGS FDSN Event Web Service","url":"https://earthquake.usgs.gov/earthquakes/eventpage/us7000pb1r","updated":1744149663040}},{"type":"Feature","id":"us6000pm9x","geometry":{"type":"Point","coordinates":[104.0099,29.5807]},"properties":{"eventId":"us6000pm9x","time":"2025-01-25T08:23:27Z","timestamp":1737793407469,"mag":4.4,"magType":"mb","depthKm":10.0,"place":"21 km N of Luocheng, China","nearestDam":"铜街子水电站","nearestDamKm":51.29,"nearestBasin":"大渡河","corridorDistanceKm":2.52,"source":"USGS FDSN Event Web Service","url":"https://earthquake.usgs.gov/earthquakes/eventpage/us6000pm9x","updated":1744149660040}},{"type":"Feature","id":"us6000pmay","geometry":{"type":"Point","coordinates":[103.3236,29.3278]},"properties":{"eventId":"us6000pmay","time":"2025-01-25T14:17:35Z","timestamp":1737814655919,"mag":4.3,"magType":"mb","depthKm":10.0,"place":"49 km WSW of Leshan, China","nearestDam":"龚嘴水电站","nearestDamKm":3.46,"nearestBasin":"大渡河","corridorDistanceKm":3.4,"source":"USGS FDSN Event Web Service","url":"https://earthquake.usgs.gov/earthquakes/eventpage/us6000pmay","updated":1744149660040}},{"type":"Feature","id":"us6000pwej","geometry":{"type":"Point","coordinates":[104.8514,28.3051]},"properties":{"eventId":"us6000pwej","time":"2025-03-02T06:23:30Z","timestamp":1740896610495,"mag":4.6,"magType":"mb","depthKm":10.0,"place":"19 km W of Bowangshan, China","nearestDam":"向家坝水电站","nearestDamKm":58.61,"nearestBasin":"长江—金沙江干流","corridorDistanceKm":50.86,"source":"USGS FDSN Event Web Service","url":"https://earthquake.usgs.gov/earthquakes/eventpage/us6000pwej","updated":1746732284040}},{"type":"Feature","id":"us6000pwfj","geometry":{"type":"Point","coordinates":[105.0609,28.3928]},"properties":{"eventId":"us6000pwfj","time":"2025-03-02T10:58:24Z","timestamp":1740913104854,"mag":4.3,"magType":"mb","depthKm":10.0,"place":"9 km N of Bowangshan, China","nearestDam":"向家坝水电站","nearestDamKm":70.99,"nearestBasin":"长江—金沙江干流","corridorDistanceKm":48.93,"source":"USGS FDSN Event Web Service","url":"https://earthquake.usgs.gov/earthquakes/eventpage/us6000pwfj","updated":1746732284040}},{"type":"Feature","id":"us6000pzlf","geometry":{"type":"Point","coordinates":[103.7606,31.3366]},"properties":{"eventId":"us6000pzlf","time":"2025-03-09T11:54:03Z","timestamp":1741521243708,"mag":4.3,"magType":"mb","depthKm":10.0,"place":"42 km NNW of Tianpeng, China","nearestDam":"紫坪铺水利枢纽","nearestDamKm":44.52,"nearestBasin":"岷江","corridorDistanceKm":44.49,"source":"USGS FDSN Event Web Service","url":"https://earthquake.usgs.gov/earthquakes/eventpage/us6000pzlf","updated":1747416606040}},{"type":"Feature","id":"us6000pzk0","geometry":{"type":"Point","coordinates":[104.622,29.5831]},"properties":{"eventId":"us6000pzk0","time":"2025-03-18T11:20:44Z","timestamp":1742296844634,"mag":4.6,"magType":"mb","depthKm":10.0,"place":"30 km NNW of Zigong, China","nearestDam":"铜街子水电站","nearestDamKm":102.42,"nearestBasin":"大渡河","corridorDistanceKm":53.69,"source":"USGS FDSN Event Web Service","url":"https://earthquake.usgs.gov/earthquakes/eventpage/us6000pzk0","updated":1747509600040}},{"type":"Feature","id":"us7000pn3i","geometry":{"type":"Point","coordinates":[104.9234,29.7512]},"properties":{"eventId":"us7000pn3i","time":"2025-03-18T11:21:51Z","timestamp":1742296911749,"mag":4.6,"magType":"mb","depthKm":10.0,"place":"7 km ESE of Chonglong, China","nearestDam":"向家坝水电站","nearestDamKm":133.28,"nearestBasin":"长江—金沙江干流","corridorDistanceKm":87.16,"source":"USGS FDSN Event Web Service","url":"https://earthquake.usgs.gov/earthquakes/eventpage/us7000pn3i","updated":1747509603040}},{"type":"Feature","id":"us7000pm7w","geometry":{"type":"Point","coordinates":[105.3353,28.1045]},"properties":{"eventId":"us7000pm7w","time":"2025-03-24T11:21:38Z","timestamp":1742815298311,"mag":5.0,"magType":"mb","depthKm":10.0,"place":"12 km SW of Xuyong, China","nearestDam":"向家坝水电站","nearestDamKm":110.03,"nearestBasin":"长江—金沙江干流","corridorDistanceKm":88.15,"source":"USGS FDSN Event Web Service","url":"https://earthquake.usgs.gov/earthquakes/eventpage/us7000pm7w","updated":1748540191040}},{"type":"Feature","id":"us7000pnl4","geometry":{"type":"Point","coordinates":[103.6514,27.1691]},"properties":{"eventId":"us7000pnl4","time":"2025-03-29T10:50:10Z","timestamp":1743245410294,"mag":4.7,"magType":"mb","depthKm":10.0,"place":"17 km SSW of Zhaotong, China","nearestDam":"白鹤滩水电站","nearestDamKm":81.69,"nearestBasin":"长江—金沙江干流","corridorDistanceKm":42.89,"source":"USGS FDSN Event Web Service","url":"https://earthquake.usgs.gov/earthquakes/eventpage/us7000pnl4","updated":1749244347040}},{"type":"Feature","id":"us6000q6me","geometry":{"type":"Point","coordinates":[104.7897,29.4076]},"properties":{"eventId":"us6000q6me","time":"2025-04-16T22:46:19Z","timestamp":1744843579944,"mag":4.2,"magType":"mb","depthKm":10.0,"place":"7 km N of Zigong, China","nearestDam":"向家坝水电站","nearestDamKm":93.09,"nearestBasin":"长江—金沙江干流","corridorDistanceKm":62.98,"source":"USGS FDSN Event Web Service","url":"https://earthquake.usgs.gov/earthquakes/eventpage/us6000q6me","updated":1750984455040}},{"type":"Feature","id":"us7000puj0","geometry":{"type":"Point","coordinates":[100.0261,26.4164]},"properties":{"eventId":"us7000puj0","time":"2025-04-23T16:09:01Z","timestamp":1745424541885,"mag":4.9,"magType":"mb","depthKm":10.0,"place":"17 km SE of Jinhua, China","nearestDam":"龙开口水电站","nearestDamKm":40.61,"nearestBasin":"长江—金沙江干流","corridorDistanceKm":40.59,"source":"USGS FDSN Event Web Service","url":"https://earthquake.usgs.gov/earthquakes/eventpage/us7000puj0","updated":1752248779040}},{"type":"Feature","id":"us7000pvht","geometry":{"type":"Point","coordinates":[105.5173,32.7135]},"properties":{"eventId":"us7000pvht","time":"2025-04-28T05:08:15Z","timestamp":1745816895264,"mag":4.7,"magType":"mb","depthKm":10.0,"place":"16 km ESE of Zhongmiao, China","nearestDam":"宝珠寺水电站","nearestDamKm":23.32,"nearestBasin":"嘉陵江","corridorDistanceKm":12.54,"source":"USGS FDSN Event Web Service","url":"https://earthquake.usgs.gov/earthquakes/eventpage/us7000pvht","updated":1752248782040}},{"type":"Feature","id":"us7000q0dn","geometry":{"type":"Point","coordinates":[102.9337,27.4432]},"properties":{"eventId":"us7000q0dn","time":"2025-05-20T16:29:56Z","timestamp":1747758596404,"mag":4.2,"magType":"mb","depthKm":10.0,"place":"78 km W of Zhaotong, China","nearestDam":"白鹤滩水电站","nearestDamKm":80.78,"nearestBasin":"长江—金沙江干流","corridorDistanceKm":34.15,"source":"USGS FDSN Event Web Service","url":"https://earthquake.usgs.gov/earthquakes/eventpage/us7000q0dn","updated":1753463180040}},{"type":"Feature","id":"us7000q0k4","geometry":{"type":"Point","coordinates":[104.6089,28.3448]},"properties":{"eventId":"us7000q0k4","time":"2025-05-21T16:50:21Z","timestamp":1747846221929,"mag":4.4,"magType":"mb","depthKm":10.0,"place":"6 km SE of Wenjiang, China","nearestDam":"向家坝水电站","nearestDamKm":39.5,"nearestBasin":"长江—金沙江干流","corridorDistanceKm":38.47,"source":"USGS FDSN Event Web Service","url":"https://earthquake.usgs.gov/earthquakes/eventpage/us7000q0k4","updated":1755098069040}},{"type":"Feature","id":"us6000qi60","geometry":{"type":"Point","coordinates":[104.6723,34.3547]},"properties":{"eventId":"us6000qi60","time":"2025-05-21T23:16:50Z","timestamp":1747869410690,"mag":4.2,"magType":"mb","depthKm":10.0,"place":"20 km W of Qiushan, China","nearestDam":"碧口水电站","nearestDamKm":176.44,"nearestBasin":"嘉陵江","corridorDistanceKm":175.56,"source":"USGS FDSN Event Web Service","url":"https://earthquake.usgs.gov/earthquakes/eventpage/us6000qi60","updated":1755098067040}},{"type":"Feature","id":"us6000qkmg","geometry":{"type":"Point","coordinates":[104.816,28.4214]},"properties":{"eventId":"us6000qkmg","time":"2025-05-31T06:17:25Z","timestamp":1748672245704,"mag":4.4,"magType":"mb","depthKm":35.0,"place":"10 km ESE of Xunchang, China","nearestDam":"向家坝水电站","nearestDamKm":48.2,"nearestBasin":"长江—金沙江干流","corridorDistanceKm":37.61,"source":"USGS FDSN Event Web Service","url":"https://earthquake.usgs.gov/earthquakes/eventpage/us6000qkmg","updated":1755381258040}},{"type":"Feature","id":"us6000qh7q","geometry":{"type":"Point","coordinates":[103.4528,30.7816]},"properties":{"eventId":"us6000qh7q","time":"2025-06-01T08:02:02Z","timestamp":1748764922940,"mag":4.5,"magType":"mb","depthKm":10.0,"place":"40 km N of Linqiong, China","nearestDam":"紫坪铺水利枢纽","nearestDamKm":25.44,"nearestBasin":"岷江","corridorDistanceKm":11.63,"source":"USGS FDSN Event Web Service","url":"https://earthquake.usgs.gov/earthquakes/eventpage/us6000qh7q","updated":1755381252040}},{"type":"Feature","id":"us6000ql1n","geometry":{"type":"Point","coordinates":[106.6062,25.8671]},"properties":{"eventId":"us6000ql1n","time":"2025-06-02T13:20:26Z","timestamp":1748870426218,"mag":4.0,"magType":"mb","depthKm":10.0,"place":"79 km ESE of Anshun, China","nearestDam":"东风水电站","nearestDamKm":118.63,"nearestBasin":"乌江","corridorDistanceKm":117.78,"source":"USGS FDSN Event Web Service","url":"https://earthquake.usgs.gov/earthquakes/eventpage/us6000ql1n","updated":1755381259040}},{"type":"Feature","id":"us6000qhzg","geometry":{"type":"Point","coordinates":[100.0201,26.3717]},"properties":{"eventId":"us6000qhzg","time":"2025-06-04T20:31:55Z","timestamp":1749069115417,"mag":5.0,"magType":"mww","depthKm":10.0,"place":"21 km SSE of Jinhua, China","nearestDam":"龙开口水电站","nearestDamKm":42.97,"nearestBasin":"长江—金沙江干流","corridorDistanceKm":42.93,"source":"USGS FDSN Event Web Service","url":"https://earthquake.usgs.gov/earthquakes/eventpage/us6000qhzg","updated":1755706135040}},{"type":"Feature","id":"us6000qkfb","geometry":{"type":"Point","coordinates":[104.9538,28.2788]},"properties":{"eventId":"us6000qkfb","time":"2025-06-15T10:37:49Z","timestamp":1749983869556,"mag":4.9,"magType":"mb","depthKm":10.0,"place":"10 km WSW of Bowangshan, China","nearestDam":"向家坝水电站","nearestDamKm":68.27,"nearestBasin":"长江—金沙江干流","corridorDistanceKm":57.08,"source":"USGS FDSN Event Web Service","url":"https://earthquake.usgs.gov/earthquakes/eventpage/us6000qkfb","updated":1755894361040}},{"type":"Feature","id":"us7000qag5","geometry":{"type":"Point","coordinates":[99.7797,29.917]},"properties":{"eventId":"us7000qag5","time":"2025-06-20T06:45:08Z","timestamp":1750401908700,"mag":4.2,"magType":"mb","depthKm":10.0,"place":"109 km NNW of Daocheng, China","nearestDam":"两河口水电站","nearestDamKm":122.33,"nearestBasin":"雅砻江","corridorDistanceKm":121.68,"source":"USGS FDSN Event Web Service","url":"https://earthquake.usgs.gov/earthquakes/eventpage/us7000qag5","updated":1756848225040}},{"type":"Feature","id":"us7000qapz","geometry":{"type":"Point","coordinates":[103.6923,30.143]},"properties":{"eventId":"us7000qapz","time":"2025-06-23T22:27:40Z","timestamp":1750717660364,"mag":4.2,"magType":"mb","depthKm":10.0,"place":"17 km NW of Meishan, China","nearestDam":"紫坪铺水利枢纽","nearestDamKm":98.0,"nearestBasin":"岷江","corridorDistanceKm":11.99,"source":"USGS FDSN Event Web Service","url":"https://earthquake.usgs.gov/earthquakes/eventpage/us7000qapz","updated":1756848226040}},{"type":"Feature","id":"us7000q8mh","geometry":{"type":"Point","coordinates":[105.1015,28.4842]},"properties":{"eventId":"us7000q8mh","time":"2025-06-25T07:17:52Z","timestamp":1750835872716,"mag":4.5,"magType":"mb","depthKm":10.0,"place":"20 km NNE of Bowangshan, China","nearestDam":"向家坝水电站","nearestDamKm":71.42,"nearestBasin":"长江—金沙江干流","corridorDistanceKm":40.85,"source":"USGS FDSN Event Web Service","url":"https://earthquake.usgs.gov/earthquakes/eventpage/us7000q8mh","updated":1757018398040}},{"type":"Feature","id":"us7000q8yg","geometry":{"type":"Point","coordinates":[111.3398,31.2824]},"properties":{"eventId":"us7000q8yg","time":"2025-06-26T16:25:01Z","timestamp":1750955101072,"mag":4.5,"magType":"mb","depthKm":10.0,"place":"63 km N of Yichang, China","nearestDam":"三峡大坝","nearestDamKm":59.79,"nearestBasin":"长江—金沙江干流","corridorDistanceKm":59.64,"source":"USGS FDSN Event Web Service","url":"https://earthquake.usgs.gov/earthquakes/eventpage/us7000q8yg","updated":1757018399040}},{"type":"Feature","id":"us7000qbtp","geometry":{"type":"Point","coordinates":[105.0687,27.9572]},"properties":{"eventId":"us7000qbtp","time":"2025-06-29T10:01:23Z","timestamp":1751191283109,"mag":4.4,"magType":"mb","depthKm":10.0,"place":"38 km S of Bowangshan, China","nearestDam":"向家坝水电站","nearestDamKm":101.12,"nearestBasin":"长江—金沙江干流","corridorDistanceKm":94.3,"source":"USGS FDSN Event Web Service","url":"https://earthquake.usgs.gov/earthquakes/eventpage/us7000qbtp","updated":1757018406040}},{"type":"Feature","id":"us6000qv5f","geometry":{"type":"Point","coordinates":[103.5573,28.0958]},"properties":{"eventId":"us6000qv5f","time":"2025-07-14T14:28:41Z","timestamp":1752503321771,"mag":4.3,"magType":"mb","depthKm":10.0,"place":"86 km WSW of Shuanglong, China","nearestDam":"溪洛渡水电站","nearestDamKm":19.89,"nearestBasin":"长江—金沙江干流","corridorDistanceKm":1.7,"source":"USGS FDSN Event Web Service","url":"https://earthquake.usgs.gov/earthquakes/eventpage/us6000qv5f","updated":1764364398489}},{"type":"Feature","id":"us6000r0pp","geometry":{"type":"Point","coordinates":[101.9056,28.2622]},"properties":{"eventId":"us6000r0pp","time":"2025-07-29T19:26:23Z","timestamp":1753817183358,"mag":4.4,"magType":"mb","depthKm":10.0,"place":"53 km NW of Xichang, China","nearestDam":"锦屏二级水电站","nearestDamKm":17.7,"nearestBasin":"雅砻江","corridorDistanceKm":17.65,"source":"USGS FDSN Event Web Service","url":"https://earthquake.usgs.gov/earthquakes/eventpage/us6000r0pp","updated":1760216275040}},{"type":"Feature","id":"us7000qv8y","geometry":{"type":"Point","coordinates":[107.094,30.6523]},"properties":{"eventId":"us7000qv8y","time":"2025-08-16T19:30:49Z","timestamp":1755372649528,"mag":4.5,"magType":"mb","depthKm":13.2,"place":"37 km WSW of Bishan, China","nearestDam":"草街航电枢纽","nearestDamKm":106.99,"nearestBasin":"嘉陵江","corridorDistanceKm":65.15,"source":"USGS FDSN Event Web Service","url":"https://earthquake.usgs.gov/earthquakes/eventpage/us7000qv8y","updated":1762274659040}},{"type":"Feature","id":"us6000rd4s","geometry":{"type":"Point","coordinates":[99.8704,28.1487]},"properties":{"eventId":"us6000rd4s","time":"2025-09-03T00:54:16Z","timestamp":1756860856398,"mag":4.2,"magType":"mb","depthKm":10.0,"place":"39 km NNE of Shangri-La, China","nearestDam":"梨园水电站","nearestDamKm":66.58,"nearestBasin":"长江—金沙江干流","corridorDistanceKm":66.42,"source":"USGS FDSN Event Web Service","url":"https://earthquake.usgs.gov/earthquakes/eventpage/us6000rd4s","updated":1764545969040}},{"type":"Feature","id":"us6000rdu4","geometry":{"type":"Point","coordinates":[105.1519,32.3871]},"properties":{"eventId":"us6000rdu4","time":"2025-09-06T08:36:52Z","timestamp":1757147812324,"mag":4.3,"magType":"mb","depthKm":10.0,"place":"35 km WNW of Xiasi, China","nearestDam":"宝珠寺水电站","nearestDamKm":45.54,"nearestBasin":"嘉陵江","corridorDistanceKm":36.67,"source":"USGS FDSN Event Web Service","url":"https://earthquake.usgs.gov/earthquakes/eventpage/us6000rdu4","updated":1764546015040}},{"type":"Feature","id":"us7000qw9n","geometry":{"type":"Point","coordinates":[104.0487,29.3916]},"properties":{"eventId":"us7000qw9n","time":"2025-09-15T08:42:10Z","timestamp":1757925730426,"mag":4.7,"magType":"mb","depthKm":10.0,"place":"2 km ENE of Luocheng, China","nearestDam":"铜街子水电站","nearestDamKm":42.99,"nearestBasin":"大渡河","corridorDistanceKm":5.57,"source":"USGS FDSN Event Web Service","url":"https://earthquake.usgs.gov/earthquakes/eventpage/us7000qw9n","updated":1764734317040}},{"type":"Feature","id":"us6000rgww","geometry":{"type":"Point","coordinates":[105.395,29.241]},"properties":{"eventId":"us6000rgww","time":"2025-09-20T09:12:31Z","timestamp":1758359551265,"mag":4.3,"magType":"mb","depthKm":10.0,"place":"8 km WSW of Qingjiang, China","nearestDam":"向家坝水电站","nearestDamKm":117.82,"nearestBasin":"长江—金沙江干流","corridorDistanceKm":27.46,"source":"USGS FDSN Event Web Service","url":"https://earthquake.usgs.gov/earthquakes/eventpage/us6000rgww","updated":1765036814040}},{"type":"Feature","id":"us7000qxsa","geometry":{"type":"Point","coordinates":[110.9449,31.7458]},"properties":{"eventId":"us7000qxsa","time":"2025-09-22T03:10:41Z","timestamp":1758510641770,"mag":4.5,"magType":"mb","depthKm":10.389,"place":"12 km E of Yangri, China","nearestDam":"三峡大坝","nearestDamKm":102.43,"nearestBasin":"长江—金沙江干流","corridorDistanceKm":101.86,"source":"USGS FDSN Event Web Service","url":"https://earthquake.usgs.gov/earthquakes/eventpage/us7000qxsa","updated":1765036827040}},{"type":"Feature","id":"us6000ripb","geometry":{"type":"Point","coordinates":[103.1203,30.2332]},"properties":{"eventId":"us6000ripb","time":"2025-09-30T12:57:51Z","timestamp":1759237071845,"mag":4.3,"magType":"mb","depthKm":10.0,"place":"29 km NNE of Ya'an, China","nearestDam":"紫坪铺水利枢纽","nearestDamKm":93.24,"nearestBasin":"岷江","corridorDistanceKm":61.2,"source":"USGS FDSN Event Web Service","url":"https://earthquake.usgs.gov/earthquakes/eventpage/us6000ripb","updated":1765489244040}},{"type":"Feature","id":"us6000rfs1","geometry":{"type":"Point","coordinates":[99.8979,30.8826]},"properties":{"eventId":"us6000rfs1","time":"2025-10-09T05:17:40Z","timestamp":1759987060662,"mag":5.5,"magType":"mww","depthKm":10.0,"place":"208 km N of Daocheng, China","nearestDam":"两河口水电站","nearestDamKm":131.12,"nearestBasin":"雅砻江","corridorDistanceKm":131.53,"source":"USGS FDSN Event Web Service","url":"https://earthquake.usgs.gov/earthquakes/eventpage/us6000rfs1","updated":1767309065040}},{"type":"Feature","id":"us6000rkdr","geometry":{"type":"Point","coordinates":[99.9943,30.8371]},"properties":{"eventId":"us6000rkdr","time":"2025-10-09T05:34:22Z","timestamp":1759988062886,"mag":4.5,"magType":"mb","depthKm":10.0,"place":"201 km N of Daocheng, China","nearestDam":"两河口水电站","nearestDamKm":120.7,"nearestBasin":"雅砻江","corridorDistanceKm":121.05,"source":"USGS FDSN Event Web Service","url":"https://earthquake.usgs.gov/earthquakes/eventpage/us6000rkdr","updated":1767309074040}},{"type":"Feature","id":"us6000rkll","geometry":{"type":"Point","coordinates":[99.7785,31.4156]},"properties":{"eventId":"us6000rkll","time":"2025-10-10T03:10:15Z","timestamp":1760065815520,"mag":4.3,"magType":"mb","depthKm":10.0,"place":"249 km E of Qamdo, China","nearestDam":"两河口水电站","nearestDamKm":179.62,"nearestBasin":"雅砻江","corridorDistanceKm":179.71,"source":"USGS FDSN Event Web Service","url":"https://earthquake.usgs.gov/earthquakes/eventpage/us6000rkll","updated":1767309075040}},{"type":"Feature","id":"us6000rg4y","geometry":{"type":"Point","coordinates":[103.5081,27.2004]},"properties":{"eventId":"us6000rg4y","time":"2025-10-10T13:21:13Z","timestamp":1760102473153,"mag":4.9,"magType":"mb","depthKm":10.0,"place":"24 km WSW of Zhaotong, China","nearestDam":"白鹤滩水电站","nearestDamKm":73.49,"nearestBasin":"长江—金沙江干流","corridorDistanceKm":28.41,"source":"USGS FDSN Event Web Service","url":"https://earthquake.usgs.gov/earthquakes/eventpage/us6000rg4y","updated":1767309067040}},{"type":"Feature","id":"us6000rgi0","geometry":{"type":"Point","coordinates":[103.5002,27.0929]},"properties":{"eventId":"us6000rgi0","time":"2025-10-11T03:18:16Z","timestamp":1760152696154,"mag":5.2,"magType":"mb","depthKm":10.0,"place":"32 km SW of Zhaotong, China","nearestDam":"白鹤滩水电站","nearestDamKm":64.72,"nearestBasin":"长江—金沙江干流","corridorDistanceKm":31.85,"source":"USGS FDSN Event Web Service","url":"https://earthquake.usgs.gov/earthquakes/eventpage/us6000rgi0","updated":1767309068040}},{"type":"Feature","id":"us6000rgpt","geometry":{"type":"Point","coordinates":[103.2064,30.5334]},"properties":{"eventId":"us6000rgpt","time":"2025-10-12T07:21:43Z","timestamp":1760253703819,"mag":4.9,"magType":"mb","depthKm":10.0,"place":"27 km WNW of Linqiong, China","nearestDam":"紫坪铺水利枢纽","nearestDamKm":59.46,"nearestBasin":"岷江","corridorDistanceKm":42.81,"source":"USGS FDSN Event Web Service","url":"https://earthquake.usgs.gov/earthquakes/eventpage/us6000rgpt","updated":1767309070040}},{"type":"Feature","id":"us6000rmzh","geometry":{"type":"Point","coordinates":[104.4729,25.9177]},"properties":{"eventId":"us6000rmzh","time":"2025-10-22T13:21:45Z","timestamp":1761139305431,"mag":4.1,"magType":"mb","depthKm":10.0,"place":"83 km SSW of Liupanshui, China","nearestDam":"白鹤滩水电站","nearestDamKm":171.73,"nearestBasin":"长江—金沙江干流","corridorDistanceKm":170.91,"source":"USGS FDSN Event Web Service","url":"https://earthquake.usgs.gov/earthquakes/eventpage/us6000rmzh","updated":1768517207040}},{"type":"Feature","id":"us6000rjkg","geometry":{"type":"Point","coordinates":[99.6697,29.2614]},"properties":{"eventId":"us6000rjkg","time":"2025-10-26T15:03:00Z","timestamp":1761490980757,"mag":4.9,"magType":"mb","depthKm":25.117,"place":"65 km WNW of Daocheng, China","nearestDam":"杨房沟水电站","nearestDamKm":163.65,"nearestBasin":"雅砻江","corridorDistanceKm":140.34,"source":"USGS FDSN Event Web Service","url":"https://earthquake.usgs.gov/earthquakes/eventpage/us6000rjkg","updated":1768517215040}},{"type":"Feature","id":"us7000re60","geometry":{"type":"Point","coordinates":[104.8863,27.9568]},"properties":{"eventId":"us7000re60","time":"2025-11-08T13:47:20Z","timestamp":1762609640359,"mag":4.5,"magType":"mb","depthKm":10.0,"place":"35 km ESE of Xunsi, China","nearestDam":"向家坝水电站","nearestDamKm":90.5,"nearestBasin":"长江—金沙江干流","corridorDistanceKm":88.12,"source":"USGS FDSN Event Web Service","url":"https://earthquake.usgs.gov/earthquakes/eventpage/us7000re60","updated":1769724335040}},{"type":"Feature","id":"us6000ru7i","geometry":{"type":"Point","coordinates":[103.9971,28.2195]},"properties":{"eventId":"us6000ru7i","time":"2025-12-11T17:18:32Z","timestamp":1765473512657,"mag":4.7,"magType":"mb","depthKm":10.0,"place":"42 km SW of Shuanglong, China","nearestDam":"溪洛渡水电站","nearestDamKm":34.9,"nearestBasin":"长江—金沙江干流","corridorDistanceKm":21.11,"source":"USGS FDSN Event Web Service","url":"https://earthquake.usgs.gov/earthquakes/eventpage/us6000ru7i","updated":1773181117040}},{"type":"Feature","id":"us6000rusi","geometry":{"type":"Point","coordinates":[103.9332,31.3103]},"properties":{"eventId":"us6000rusi","time":"2025-12-12T22:52:16Z","timestamp":1765579936711,"mag":4.4,"magType":"mb","depthKm":10.0,"place":"27 km W of Mianzhu, Deyang, Sichuan, China","nearestDam":"紫坪铺水利枢纽","nearestDamKm":53.66,"nearestBasin":"岷江","corridorDistanceKm":53.86,"source":"USGS FDSN Event Web Service","url":"https://earthquake.usgs.gov/earthquakes/eventpage/us6000rusi","updated":1773181121040}},{"type":"Feature","id":"us7000rnq9","geometry":{"type":"Point","coordinates":[104.5459,31.9149]},"properties":{"eventId":"us7000rnq9","time":"2025-12-17T04:24:40Z","timestamp":1765945480169,"mag":4.3,"magType":"mb","depthKm":10.0,"place":"23 km NW of Jiangyou, China","nearestDam":"亭子口水利枢纽","nearestDamKm":111.21,"nearestBasin":"嘉陵江","corridorDistanceKm":111.1,"source":"USGS FDSN Event Web Service","url":"https://earthquake.usgs.gov/earthquakes/eventpage/us7000rnq9","updated":1773928559040}},{"type":"Feature","id":"us7000rrmn","geometry":{"type":"Point","coordinates":[103.7775,29.5094]},"properties":{"eventId":"us7000rrmn","time":"2026-01-04T23:33:04Z","timestamp":1767569584664,"mag":4.5,"magType":"mb","depthKm":10.0,"place":"6 km SSE of Leshan, China","nearestDam":"铜街子水电站","nearestDamKm":31.4,"nearestBasin":"大渡河","corridorDistanceKm":26.33,"source":"USGS FDSN Event Web Service","url":"https://earthquake.usgs.gov/earthquakes/eventpage/us7000rrmn","updated":1775599921040}},{"type":"Feature","id":"us7000rnrh","geometry":{"type":"Point","coordinates":[104.3226,27.2167]},"properties":{"eventId":"us7000rnrh","time":"2026-01-09T20:01:08Z","timestamp":1767988868816,"mag":4.7,"magType":"mb","depthKm":10.0,"place":"41 km NNE of Weining, China","nearestDam":"溪洛渡水电站","nearestDamKm":133.67,"nearestBasin":"长江—金沙江干流","corridorDistanceKm":103.18,"source":"USGS FDSN Event Web Service","url":"https://earthquake.usgs.gov/earthquakes/eventpage/us7000rnrh","updated":1775834442040}},{"type":"Feature","id":"us7000rqjl","geometry":{"type":"Point","coordinates":[103.42,27.1457]},"properties":{"eventId":"us7000rqjl","time":"2026-01-19T11:32:06Z","timestamp":1768822326410,"mag":5.2,"magType":"mww","depthKm":10.0,"place":"34 km WSW of Zhaotong, China","nearestDam":"白鹤滩水电站","nearestDamKm":63.12,"nearestBasin":"长江—金沙江干流","corridorDistanceKm":22.37,"source":"USGS FDSN Event Web Service","url":"https://earthquake.usgs.gov/earthquakes/eventpage/us7000rqjl","updated":1776523637040}},{"type":"Feature","id":"us7000rzrm","geometry":{"type":"Point","coordinates":[105.1487,32.0288]},"properties":{"eventId":"us7000rzrm","time":"2026-02-08T03:01:55Z","timestamp":1770519715980,"mag":4.1,"magType":"mb","depthKm":10.0,"place":"30 km W of Pu’an, China","nearestDam":"亭子口水利枢纽","nearestDamKm":53.04,"nearestBasin":"嘉陵江","corridorDistanceKm":52.93,"source":"USGS FDSN Event Web Service","url":"https://earthquake.usgs.gov/earthquakes/eventpage/us7000rzrm","updated":1777646154040}},{"type":"Feature","id":"us6000s78a","geometry":{"type":"Point","coordinates":[102.0487,29.5039]},"properties":{"eventId":"us6000s78a","time":"2026-02-08T06:06:47Z","timestamp":1770530807251,"mag":4.7,"magType":"mb","depthKm":10.0,"place":"55 km S of Kangding, China","nearestDam":"大岗山水电站","nearestDamKm":17.68,"nearestBasin":"大渡河","corridorDistanceKm":15.62,"source":"USGS FDSN Event Web Service","url":"https://earthquake.usgs.gov/earthquakes/eventpage/us6000s78a","updated":1777646145040}},{"type":"Feature","id":"us6000sas9","geometry":{"type":"Point","coordinates":[103.5616,27.0875]},"properties":{"eventId":"us6000sas9","time":"2026-02-22T11:50:45Z","timestamp":1771761045484,"mag":4.5,"magType":"mb","depthKm":10.0,"place":"29 km SSW of Zhaotong, China","nearestDam":"白鹤滩水电站","nearestDamKm":69.14,"nearestBasin":"长江—金沙江干流","corridorDistanceKm":37.74,"source":"USGS FDSN Event Web Service","url":"https://earthquake.usgs.gov/earthquakes/eventpage/us6000sas9","updated":1778606887040}},{"type":"Feature","id":"us7000s3eq","geometry":{"type":"Point","coordinates":[102.2793,29.7442]},"properties":{"eventId":"us7000s3eq","time":"2026-02-24T16:32:25Z","timestamp":1771950745268,"mag":4.2,"magType":"mb","depthKm":10.0,"place":"42 km SE of Kangding, China","nearestDam":"大岗山水电站","nearestDamKm":33.36,"nearestBasin":"大渡河","corridorDistanceKm":9.86,"source":"USGS FDSN Event Web Service","url":"https://earthquake.usgs.gov/earthquakes/eventpage/us7000s3eq","updated":1778606896040}},{"type":"Feature","id":"us7000s7sg","geometry":{"type":"Point","coordinates":[105.9226,29.7726]},"properties":{"eventId":"us7000s7sg","time":"2026-03-15T23:23:56Z","timestamp":1773617036568,"mag":4.4,"magType":"mb","depthKm":10.0,"place":"0 km N of Guoliang, China","nearestDam":"草街航电枢纽","nearestDamKm":47.38,"nearestBasin":"嘉陵江","corridorDistanceKm":47.08,"source":"USGS FDSN Event Web Service","url":"https://earthquake.usgs.gov/earthquakes/eventpage/us7000s7sg","updated":1779823028040}},{"type":"Feature","id":"us7000s8tm","geometry":{"type":"Point","coordinates":[104.0946,31.5692]},"properties":{"eventId":"us7000s8tm","time":"2026-03-20T09:18:04Z","timestamp":1773998284594,"mag":4.0,"magType":"mb","depthKm":10.0,"place":"28 km NNW of Mianzhu, Deyang, Sichuan, China","nearestDam":"紫坪铺水利枢纽","nearestDamKm":84.6,"nearestBasin":"岷江","corridorDistanceKm":84.74,"source":"USGS FDSN Event Web Service","url":"https://earthquake.usgs.gov/earthquakes/eventpage/us7000s8tm","updated":1780598289040}},{"type":"Feature","id":"us7000s8u1","geometry":{"type":"Point","coordinates":[101.4764,30.4891]},"properties":{"eventId":"us7000s8u1","time":"2026-03-20T20:32:26Z","timestamp":1774038746889,"mag":4.1,"magType":"mb","depthKm":10.0,"place":"71 km NW of Kangding, China","nearestDam":"两河口水电站","nearestDamKm":55.49,"nearestBasin":"雅砻江","corridorDistanceKm":55.63,"source":"USGS FDSN Event Web Service","url":"https://earthquake.usgs.gov/earthquakes/eventpage/us7000s8u1","updated":1780598289040}},{"type":"Feature","id":"us7000s7wv","geometry":{"type":"Point","coordinates":[104.9069,28.3073]},"properties":{"eventId":"us7000s7wv","time":"2026-03-26T18:42:28Z","timestamp":1774550548206,"mag":4.5,"magType":"mb","depthKm":10.0,"place":"14 km W of Bowangshan, China","nearestDam":"向家坝水电站","nearestDamKm":62.7,"nearestBasin":"长江—金沙江干流","corridorDistanceKm":52.53,"source":"USGS FDSN Event Web Service","url":"https://earthquake.usgs.gov/earthquakes/eventpage/us7000s7wv","updated":1781104491040}},{"type":"Feature","id":"us6000smxe","geometry":{"type":"Point","coordinates":[106.3057,33.0509]},"properties":{"eventId":"us6000smxe","time":"2026-04-05T18:32:01Z","timestamp":1775413921377,"mag":4.2,"magType":"mb","depthKm":10.0,"place":"24 km NNE of Hanyuan, China","nearestDam":"宝珠寺水电站","nearestDamKm":87.79,"nearestBasin":"嘉陵江","corridorDistanceKm":87.62,"source":"USGS FDSN Event Web Service","url":"https://earthquake.usgs.gov/earthquakes/eventpage/us6000smxe","updated":1781975116040}},{"type":"Feature","id":"us6000sp9d","geometry":{"type":"Point","coordinates":[104.9465,29.7172]},"properties":{"eventId":"us6000sp9d","time":"2026-04-11T04:38:04Z","timestamp":1775882284505,"mag":4.5,"magType":"mb","depthKm":10.0,"place":"11 km SE of Chonglong, China","nearestDam":"向家坝水电站","nearestDamKm":130.7,"nearestBasin":"长江—金沙江干流","corridorDistanceKm":88.1,"source":"USGS FDSN Event Web Service","url":"https://earthquake.usgs.gov/earthquakes/eventpage/us6000sp9d","updated":1782318871040}},{"type":"Feature","id":"us6000spl7","geometry":{"type":"Point","coordinates":[104.9384,29.6428]},"properties":{"eventId":"us6000spl7","time":"2026-04-11T06:13:41Z","timestamp":1775888021200,"mag":4.5,"magType":"mb","depthKm":10.0,"place":"13 km WNW of Neijiang, China","nearestDam":"向家坝水电站","nearestDamKm":122.88,"nearestBasin":"长江—金沙江干流","corridorDistanceKm":84.6,"source":"USGS FDSN Event Web Service","url":"https://earthquake.usgs.gov/earthquakes/eventpage/us6000spl7","updated":1782318874040}},{"type":"Feature","id":"us6000srun","geometry":{"type":"Point","coordinates":[104.9243,29.5926]},"properties":{"eventId":"us6000srun","time":"2026-04-11T12:31:50Z","timestamp":1775910710465,"mag":4.3,"magType":"mb","depthKm":10.0,"place":"13 km W of Neijiang, China","nearestDam":"向家坝水电站","nearestDamKm":117.26,"nearestBasin":"长江—金沙江干流","corridorDistanceKm":79.89,"source":"USGS FDSN Event Web Service","url":"https://earthquake.usgs.gov/earthquakes/eventpage/us6000srun","updated":1782318881040}},{"type":"Feature","id":"us6000srup","geometry":{"type":"Point","coordinates":[104.9215,29.5511]},"properties":{"eventId":"us6000srup","time":"2026-04-11T13:37:19Z","timestamp":1775914639490,"mag":4.4,"magType":"mb","depthKm":10.0,"place":"14 km WSW of Neijiang, China","nearestDam":"向家坝水电站","nearestDamKm":113.01,"nearestBasin":"长江—金沙江干流","corridorDistanceKm":75.7,"source":"USGS FDSN Event Web Service","url":"https://earthquake.usgs.gov/earthquakes/eventpage/us6000srup","updated":1782318881040}},{"type":"Feature","id":"us6000spdd","geometry":{"type":"Point","coordinates":[99.7901,26.1409]},"properties":{"eventId":"us6000spdd","time":"2026-04-11T21:21:50Z","timestamp":1775942510506,"mag":4.5,"magType":"mb","depthKm":10.0,"place":"16 km W of Zibihu, China","nearestDam":"龙开口水电站","nearestDamKm":75.72,"nearestBasin":"长江—金沙江干流","corridorDistanceKm":75.57,"source":"USGS FDSN Event Web Service","url":"https://earthquake.usgs.gov/earthquakes/eventpage/us6000spdd","updated":1782318872040}},{"type":"Feature","id":"us6000splu","geometry":{"type":"Point","coordinates":[104.9833,29.6567]},"properties":{"eventId":"us6000splu","time":"2026-04-13T08:39:50Z","timestamp":1776069590933,"mag":4.5,"magType":"mb","depthKm":10.0,"place":"11 km NW of Neijiang, China","nearestDam":"向家坝水电站","nearestDamKm":126.19,"nearestBasin":"长江—金沙江干流","corridorDistanceKm":84.51,"source":"USGS FDSN Event Web Service","url":"https://earthquake.usgs.gov/earthquakes/eventpage/us6000splu","updated":1782318874040}},{"type":"Feature","id":"us6000sq4j","geometry":{"type":"Point","coordinates":[104.9234,29.609]},"properties":{"eventId":"us6000sq4j","time":"2026-04-15T01:43:52Z","timestamp":1776217432317,"mag":4.4,"magType":"mb","depthKm":10.0,"place":"13 km WNW of Neijiang, China","nearestDam":"向家坝水电站","nearestDamKm":118.86,"nearestBasin":"长江—金沙江干流","corridorDistanceKm":81.62,"source":"USGS FDSN Event Web Service","url":"https://earthquake.usgs.gov/earthquakes/eventpage/us6000sq4j","updated":1782318878040}},{"type":"Feature","id":"us6000sqbn","geometry":{"type":"Point","coordinates":[104.9157,29.6297]},"properties":{"eventId":"us6000sqbn","time":"2026-04-15T16:12:54Z","timestamp":1776269574428,"mag":4.3,"magType":"mb","depthKm":10.0,"place":"15 km WNW of Neijiang, China","nearestDam":"向家坝水电站","nearestDamKm":120.62,"nearestBasin":"长江—金沙江干流","corridorDistanceKm":82.24,"source":"USGS FDSN Event Web Service","url":"https://earthquake.usgs.gov/earthquakes/eventpage/us6000sqbn","updated":1782318879040}},{"type":"Feature","id":"us6000ssdh","geometry":{"type":"Point","coordinates":[104.8903,29.6391]},"properties":{"eventId":"us6000ssdh","time":"2026-04-15T16:57:43Z","timestamp":1776272263882,"mag":4.3,"magType":"mb","depthKm":10.0,"place":"16 km SSE of Chonglong, China","nearestDam":"向家坝水电站","nearestDamKm":120.56,"nearestBasin":"长江—金沙江干流","corridorDistanceKm":80.24,"source":"USGS FDSN Event Web Service","url":"https://earthquake.usgs.gov/earthquakes/eventpage/us6000ssdh","updated":1782318883040}},{"type":"Feature","id":"us6000sqnd","geometry":{"type":"Point","coordinates":[104.8501,29.5977]},"properties":{"eventId":"us6000sqnd","time":"2026-04-16T22:22:35Z","timestamp":1776378155486,"mag":4.3,"magType":"mb","depthKm":10.0,"place":"20 km S of Chonglong, China","nearestDam":"向家坝水电站","nearestDamKm":114.8,"nearestBasin":"长江—金沙江干流","corridorDistanceKm":75.12,"source":"USGS FDSN Event Web Service","url":"https://earthquake.usgs.gov/earthquakes/eventpage/us6000sqnd","updated":1783042676040}},{"type":"Feature","id":"us6000sqnr","geometry":{"type":"Point","coordinates":[105.1083,29.6479]},"properties":{"eventId":"us6000sqnr","time":"2026-04-16T22:56:49Z","timestamp":1776380209924,"mag":4.3,"magType":"mb","depthKm":10.0,"place":"8 km NNE of Neijiang, China","nearestDam":"草街航电枢纽","nearestDamKm":126.89,"nearestBasin":"嘉陵江","corridorDistanceKm":79.34,"source":"USGS FDSN Event Web Service","url":"https://earthquake.usgs.gov/earthquakes/eventpage/us6000sqnr","updated":1783042677040}},{"type":"Feature","id":"us6000sr4f","geometry":{"type":"Point","coordinates":[103.5182,28.2182]},"properties":{"eventId":"us6000sr4f","time":"2026-04-18T14:26:11Z","timestamp":1776522371219,"mag":4.5,"magType":"mb","depthKm":10.0,"place":"85 km WSW of Shuanglong, China","nearestDam":"溪洛渡水电站","nearestDamKm":13.04,"nearestBasin":"长江—金沙江干流","corridorDistanceKm":10.04,"source":"USGS FDSN Event Web Service","url":"https://earthquake.usgs.gov/earthquakes/eventpage/us6000sr4f","updated":1783042689040}},{"type":"Feature","id":"us7000sh1u","geometry":{"type":"Point","coordinates":[104.3123,29.747]},"properties":{"eventId":"us7000sh1u","time":"2026-04-22T07:15:20Z","timestamp":1776842120680,"mag":4.5,"magType":"mb","depthKm":10.0,"place":"48 km NE of Luocheng, China","nearestDam":"铜街子水电站","nearestDamKm":85.4,"nearestBasin":"大渡河","corridorDistanceKm":31.0,"source":"USGS FDSN Event Web Service","url":"https://earthquake.usgs.gov/earthquakes/eventpage/us7000sh1u","updated":1783042760040}},{"type":"Feature","id":"us7000sha8","geometry":{"type":"Point","coordinates":[102.8792,27.1014]},"properties":{"eventId":"us7000sha8","time":"2026-04-23T14:59:46Z","timestamp":1776956386686,"mag":4.5,"magType":"mb","depthKm":10.0,"place":"86 km WSW of Zhaotong, China","nearestDam":"白鹤滩水电站","nearestDamKm":44.16,"nearestBasin":"长江—金沙江干流","corridorDistanceKm":25.99,"source":"USGS FDSN Event Web Service","url":"https://earthquake.usgs.gov/earthquakes/eventpage/us7000sha8","updated":1783800033040}},{"type":"Feature","id":"us6000st4k","geometry":{"type":"Point","coordinates":[99.8814,30.3529]},"properties":{"eventId":"us6000st4k","time":"2026-04-27T11:44:09Z","timestamp":1777290249607,"mag":4.3,"magType":"mb","depthKm":10.0,"place":"151 km NNW of Daocheng, China","nearestDam":"两河口水电站","nearestDamKm":109.78,"nearestBasin":"雅砻江","corridorDistanceKm":110.47,"source":"USGS FDSN Event Web Service","url":"https://earthquake.usgs.gov/earthquakes/eventpage/us6000st4k","updated":1783799900040}},{"type":"Feature","id":"us7000sh46","geometry":{"type":"Point","coordinates":[100.8041,28.4911]},"properties":{"eventId":"us7000sh46","time":"2026-04-29T19:11:11Z","timestamp":1777489871726,"mag":4.7,"magType":"mb","depthKm":10.0,"place":"74 km N of Yongning, China","nearestDam":"杨房沟水电站","nearestDamKm":42.53,"nearestBasin":"雅砻江","corridorDistanceKm":42.35,"source":"USGS FDSN Event Web Service","url":"https://earthquake.usgs.gov/earthquakes/eventpage/us7000sh46","updated":1783800016040}},{"type":"Feature","id":"us6000svyp","geometry":{"type":"Point","coordinates":[100.4178,28.8073]},"properties":{"eventId":"us6000svyp","time":"2026-04-29T19:19:40Z","timestamp":1777490380405,"mag":4.1,"magType":"mb","depthKm":10.0,"place":"28 km SSE of Daocheng, China","nearestDam":"杨房沟水电站","nearestDamKm":78.24,"nearestBasin":"雅砻江","corridorDistanceKm":73.69,"source":"USGS FDSN Event Web Service","url":"https://earthquake.usgs.gov/earthquakes/eventpage/us6000svyp","updated":1783799917040}},{"type":"Feature","id":"us6000svyr","geometry":{"type":"Point","coordinates":[100.6875,28.3397]},"properties":{"eventId":"us6000svyr","time":"2026-04-29T19:20:57Z","timestamp":1777490457224,"mag":4.4,"magType":"mb","depthKm":10.0,"place":"56 km N of Yongning, China","nearestDam":"杨房沟水电站","nearestDamKm":60.85,"nearestBasin":"雅砻江","corridorDistanceKm":60.57,"source":"USGS FDSN Event Web Service","url":"https://earthquake.usgs.gov/earthquakes/eventpage/us6000svyr","updated":1783799918040}},{"type":"Feature","id":"us6000sw7y","geometry":{"type":"Point","coordinates":[112.5615,29.9169]},"properties":{"eventId":"us6000sw7y","time":"2026-04-30T19:39:49Z","timestamp":1777577989962,"mag":4.4,"magType":"mb","depthKm":10.0,"place":"27 km NE of Xiulin, China","nearestDam":"三峡大坝","nearestDamKm":180.13,"nearestBasin":"长江—金沙江干流","corridorDistanceKm":180.15,"source":"USGS FDSN Event Web Service","url":"https://earthquake.usgs.gov/earthquakes/eventpage/us6000sw7y","updated":1784129142040}},{"type":"Feature","id":"us6000swxa","geometry":{"type":"Point","coordinates":[105.1044,28.1215]},"properties":{"eventId":"us6000swxa","time":"2026-05-02T03:45:47Z","timestamp":1777693547278,"mag":4.4,"magType":"mb","depthKm":10.0,"place":"21 km SSE of Bowangshan, China","nearestDam":"向家坝水电站","nearestDamKm":90.72,"nearestBasin":"长江—金沙江干流","corridorDistanceKm":78.51,"source":"USGS FDSN Event Web Service","url":"https://earthquake.usgs.gov/earthquakes/eventpage/us6000swxa","updated":1784129145040}},{"type":"Feature","id":"us6000sxg5","geometry":{"type":"Point","coordinates":[102.814,30.0681]},"properties":{"eventId":"us6000sxg5","time":"2026-05-04T11:47:29Z","timestamp":1777895249877,"mag":4.2,"magType":"mb","depthKm":10.0,"place":"20 km WNW of Ya'an, China","nearestDam":"瀑布沟水电站","nearestDamKm":85.39,"nearestBasin":"大渡河","corridorDistanceKm":65.54,"source":"USGS FDSN Event Web Service","url":"https://earthquake.usgs.gov/earthquakes/eventpage/us6000sxg5","updated":1784129151040}},{"type":"Feature","id":"us7000si54","geometry":{"type":"Point","coordinates":[102.1086,29.5089]},"properties":{"eventId":"us7000si54","time":"2026-05-04T15:03:00Z","timestamp":1777906980555,"mag":4.8,"magType":"mb","depthKm":10.0,"place":"56 km SSE of Kangding, China","nearestDam":"大岗山水电站","nearestDamKm":12.69,"nearestBasin":"大渡河","corridorDistanceKm":9.81,"source":"USGS FDSN Event Web Service","url":"https://earthquake.usgs.gov/earthquakes/eventpage/us7000si54","updated":1784129151040}},{"type":"Feature","id":"us7000si5h","geometry":{"type":"Point","coordinates":[102.0832,29.5951]},"properties":{"eventId":"us7000si5h","time":"2026-05-04T16:03:03Z","timestamp":1777910583665,"mag":4.6,"magType":"mb","depthKm":10.0,"place":"46 km SSE of Kangding, China","nearestDam":"大岗山水电站","nearestDamKm":20.98,"nearestBasin":"大渡河","corridorDistanceKm":11.02,"source":"USGS FDSN Event Web Service","url":"https://earthquake.usgs.gov/earthquakes/eventpage/us7000si5h","updated":1784129151040}},{"type":"Feature","id":"us6000sxze","geometry":{"type":"Point","coordinates":[103.12,26.2919]},"properties":{"eventId":"us6000sxze","time":"2026-05-08T06:42:14Z","timestamp":1778222534300,"mag":4.2,"magType":"mb","depthKm":10.0,"place":"111 km NW of Qujing, China","nearestDam":"乌东德水电站","nearestDamKm":48.58,"nearestBasin":"长江—金沙江干流","corridorDistanceKm":39.49,"source":"USGS FDSN Event Web Service","url":"https://earthquake.usgs.gov/earthquakes/eventpage/us6000sxze","updated":1784399007040}},{"type":"Feature","id":"us6000sz0t","geometry":{"type":"Point","coordinates":[105.1206,28.4171]},"properties":{"eventId":"us6000sz0t","time":"2026-05-12T14:13:12Z","timestamp":1778595192758,"mag":4.4,"magType":"mb","depthKm":10.0,"place":"13 km NNE of Bowangshan, China","nearestDam":"向家坝水电站","nearestDamKm":75.43,"nearestBasin":"长江—金沙江干流","corridorDistanceKm":48.45,"source":"USGS FDSN Event Web Service","url":"https://earthquake.usgs.gov/earthquakes/eventpage/us6000sz0t","updated":1784399011040}},{"type":"Feature","id":"us6000sx5d","geometry":{"type":"Point","coordinates":[104.8375,28.46]},"properties":{"eventId":"us6000sx5d","time":"2026-05-12T14:55:15Z","timestamp":1778597715655,"mag":4.8,"magType":"mb","depthKm":10.0,"place":"12 km E of Xunchang, China","nearestDam":"向家坝水电站","nearestDamKm":48.01,"nearestBasin":"长江—金沙江干流","corridorDistanceKm":34.35,"source":"USGS FDSN Event Web Service","url":"https://earthquake.usgs.gov/earthquakes/eventpage/us6000sx5d","updated":1787312146769}},{"type":"Feature","id":"us6000szjh","geometry":{"type":"Point","coordinates":[104.1555,30.2769]},"properties":{"eventId":"us6000szjh","time":"2026-05-17T23:42:48Z","timestamp":1779061368427,"mag":3.9,"magType":"mb","depthKm":10.0,"place":"40 km NE of Meishan, China","nearestDam":"紫坪铺水利枢纽","nearestDamKm":102.99,"nearestBasin":"岷江","corridorDistanceKm":35.07,"source":"USGS FDSN Event Web Service","url":"https://earthquake.usgs.gov/earthquakes/eventpage/us6000szjh","updated":1785017577040}},{"type":"Feature","id":"us7000sraf","geometry":{"type":"Point","coordinates":[101.9526,29.8838]},"properties":{"eventId":"us7000sraf","time":"2026-06-07T21:07:12Z","timestamp":1780866432533,"mag":4.6,"magType":"mb","depthKm":10.0,"place":"13 km S of Kangding, China","nearestDam":"大岗山水电站","nearestDamKm":54.85,"nearestBasin":"大渡河","corridorDistanceKm":19.42,"source":"USGS FDSN Event Web Service","url":"https://earthquake.usgs.gov/earthquakes/eventpage/us7000sraf","updated":1786814825040}},{"type":"Feature","id":"us7000stw9","geometry":{"type":"Point","coordinates":[102.1097,30.002]},"properties":{"eventId":"us7000stw9","time":"2026-06-08T10:52:56Z","timestamp":1780915976678,"mag":4.4,"magType":"mb","depthKm":10.0,"place":"14 km E of Kangding, China","nearestDam":"猴子岩水电站","nearestDamKm":61.57,"nearestBasin":"大渡河","corridorDistanceKm":2.72,"source":"USGS FDSN Event Web Service","url":"https://earthquake.usgs.gov/earthquakes/eventpage/us7000stw9","updated":1786814834040}},{"type":"Feature","id":"us6000t9v8","geometry":{"type":"Point","coordinates":[103.1491,26.3473]},"properties":{"eventId":"us6000t9v8","time":"2026-06-24T02:53:48Z","timestamp":1782269628830,"mag":4.2,"magType":"mb","depthKm":10.0,"place":"114 km NNW of Qujing, China","nearestDam":"白鹤滩水电站","nearestDamKm":43.92,"nearestBasin":"长江—金沙江干流","corridorDistanceKm":37.78,"source":"USGS FDSN Event Web Service","url":"https://earthquake.usgs.gov/earthquakes/eventpage/us6000t9v8","updated":1783635892040}},{"type":"Feature","id":"us6000t8u3","geometry":{"type":"Point","coordinates":[104.7997,28.6413]},"properties":{"eventId":"us6000t8u3","time":"2026-06-28T16:12:09Z","timestamp":1782663129019,"mag":5.2,"magType":"mww","depthKm":10.0,"place":"13 km WNW of Changning, China","nearestDam":"向家坝水电站","nearestDamKm":39.63,"nearestBasin":"长江—金沙江干流","corridorDistanceKm":14.29,"source":"USGS FDSN Event Web Service","url":"https://earthquake.usgs.gov/earthquakes/eventpage/us6000t8u3","updated":1784396953495}},{"type":"Feature","id":"us6000ta37","geometry":{"type":"Point","coordinates":[100.8627,26.0576]},"properties":{"eventId":"us6000ta37","time":"2026-07-04T09:33:47Z","timestamp":1783157627830,"mag":4.5,"magType":"mb","depthKm":10.0,"place":"28 km E of Pianjiao, China","nearestDam":"鲁地拉水电站","nearestDamKm":16.65,"nearestBasin":"长江—金沙江干流","corridorDistanceKm":16.56,"source":"USGS FDSN Event Web Service","url":"https://earthquake.usgs.gov/earthquakes/eventpage/us6000ta37","updated":1785308890040}},{"type":"Feature","id":"us6000ta3d","geometry":{"type":"Point","coordinates":[100.6608,26.0138]},"properties":{"eventId":"us6000ta3d","time":"2026-07-04T10:07:37Z","timestamp":1783159657423,"mag":4.6,"magType":"mb","depthKm":10.0,"place":"7 km E of Pianjiao, China","nearestDam":"鲁地拉水电站","nearestDamKm":26.02,"nearestBasin":"长江—金沙江干流","corridorDistanceKm":25.92,"source":"USGS FDSN Event Web Service","url":"https://earthquake.usgs.gov/earthquakes/eventpage/us6000ta3d","updated":1784792735040}},{"type":"Feature","id":"us6000ta3g","geometry":{"type":"Point","coordinates":[100.6404,25.9651]},"properties":{"eventId":"us6000ta3g","time":"2026-07-04T10:28:54Z","timestamp":1783160934216,"mag":4.7,"magType":"mb","depthKm":10.0,"place":"8 km SE of Pianjiao, China","nearestDam":"鲁地拉水电站","nearestDamKm":31.62,"nearestBasin":"长江—金沙江干流","corridorDistanceKm":31.5,"source":"USGS FDSN Event Web Service","url":"https://earthquake.usgs.gov/earthquakes/eventpage/us6000ta3g","updated":1784793511040}},{"type":"Feature","id":"us7000szgp","geometry":{"type":"Point","coordinates":[104.0274,31.768]},"properties":{"eventId":"us7000szgp","time":"2026-07-05T06:00:38Z","timestamp":1783231238683,"mag":4.2,"magType":"mb","depthKm":10.0,"place":"51 km NNW of Mianzhu, Deyang, Sichuan, China","nearestDam":"紫坪铺水利枢纽","nearestDamKm":98.55,"nearestBasin":"岷江","corridorDistanceKm":98.43,"source":"USGS FDSN Event Web Service","url":"https://earthquake.usgs.gov/earthquakes/eventpage/us7000szgp","updated":1784962979040}},{"type":"Feature","id":"us6000taa2","geometry":{"type":"Point","coordinates":[104.043,31.5295]},"properties":{"eventId":"us6000taa2","time":"2026-07-05T15:03:27Z","timestamp":1783263807239,"mag":4.9,"magType":"mb","depthKm":10.0,"place":"27 km NW of Mianzhu, Deyang, Sichuan, China","nearestDam":"紫坪铺水利枢纽","nearestDamKm":78.04,"nearestBasin":"岷江","corridorDistanceKm":78.16,"source":"USGS FDSN Event Web Service","url":"https://earthquake.usgs.gov/earthquakes/eventpage/us6000taa2","updated":1783798636225}},{"type":"Feature","id":"us6000taa7","geometry":{"type":"Point","coordinates":[104.1053,31.5981]},"properties":{"eventId":"us6000taa7","time":"2026-07-05T15:20:13Z","timestamp":1783264813011,"mag":4.6,"magType":"mb","depthKm":10.0,"place":"30 km NNW of Mianzhu, Deyang, Sichuan, China","nearestDam":"紫坪铺水利枢纽","nearestDamKm":87.66,"nearestBasin":"岷江","corridorDistanceKm":87.79,"source":"USGS FDSN Event Web Service","url":"https://earthquake.usgs.gov/earthquakes/eventpage/us6000taa7","updated":1783799974052}},{"type":"Feature","id":"us6000taaa","geometry":{"type":"Point","coordinates":[104.0599,31.5778]},"properties":{"eventId":"us6000taaa","time":"2026-07-05T15:30:13Z","timestamp":1783265413662,"mag":5.0,"magType":"mb","depthKm":10.0,"place":"30 km NNW of Mianzhu, Deyang, Sichuan, China","nearestDam":"紫坪铺水利枢纽","nearestDamKm":83.13,"nearestBasin":"岷江","corridorDistanceKm":83.23,"source":"USGS FDSN Event Web Service","url":"https://earthquake.usgs.gov/earthquakes/eventpage/us6000taaa","updated":1783800285685}},{"type":"Feature","id":"us6000tasz","geometry":{"type":"Point","coordinates":[104.6926,28.5546]},"properties":{"eventId":"us6000tasz","time":"2026-07-07T20:01:29Z","timestamp":1783454489307,"mag":4.5,"magType":"mb","depthKm":10.0,"place":"11 km N of Xunchang, China","nearestDam":"向家坝水电站","nearestDamKm":30.89,"nearestBasin":"长江—金沙江干流","corridorDistanceKm":19.61,"source":"USGS FDSN Event Web Service","url":"https://earthquake.usgs.gov/earthquakes/eventpage/us6000tasz","updated":1784488671040}},{"type":"Feature","id":"us6000tatd","geometry":{"type":"Point","coordinates":[104.7111,28.574]},"properties":{"eventId":"us6000tatd","time":"2026-07-07T22:12:29Z","timestamp":1783462349702,"mag":5.0,"magType":"mww","depthKm":10.0,"place":"13 km N of Xunchang, China","nearestDam":"向家坝水电站","nearestDamKm":32.0,"nearestBasin":"长江—金沙江干流","corridorDistanceKm":18.23,"source":"USGS FDSN Event Web Service","url":"https://earthquake.usgs.gov/earthquakes/eventpage/us6000tatd","updated":1785026698486}},{"type":"Feature","id":"us7000t0e7","geometry":{"type":"Point","coordinates":[104.6768,28.458]},"properties":{"eventId":"us7000t0e7","time":"2026-07-07T22:19:46Z","timestamp":1783462786156,"mag":4.4,"magType":"mb","depthKm":10.0,"place":"3 km W of Xunchang, China","nearestDam":"向家坝水电站","nearestDamKm":34.64,"nearestBasin":"长江—金沙江干流","corridorDistanceKm":29.07,"source":"USGS FDSN Event Web Service","url":"https://earthquake.usgs.gov/earthquakes/eventpage/us7000t0e7","updated":1785023210040}},{"type":"Feature","id":"us6000tati","geometry":{"type":"Point","coordinates":[104.7723,28.542]},"properties":{"eventId":"us6000tati","time":"2026-07-07T22:22:13Z","timestamp":1783462933241,"mag":4.6,"magType":"mb","depthKm":10.0,"place":"11 km NNE of Xunchang, China","nearestDam":"向家坝水电站","nearestDamKm":38.72,"nearestBasin":"长江—金沙江干流","corridorDistanceKm":23.63,"source":"USGS FDSN Event Web Service","url":"https://earthquake.usgs.gov/earthquakes/eventpage/us6000tati","updated":1785022729040}},{"type":"Feature","id":"us6000taui","geometry":{"type":"Point","coordinates":[104.7657,28.5672]},"properties":{"eventId":"us6000taui","time":"2026-07-08T02:08:48Z","timestamp":1783476528620,"mag":5.0,"magType":"mww","depthKm":10.0,"place":"13 km NNE of Xunchang, China","nearestDam":"向家坝水电站","nearestDamKm":37.35,"nearestBasin":"长江—金沙江干流","corridorDistanceKm":20.8,"source":"USGS FDSN Event Web Service","url":"https://earthquake.usgs.gov/earthquakes/eventpage/us6000taui","updated":1785881133957}},{"type":"Feature","id":"us7000sz3z","geometry":{"type":"Point","coordinates":[104.7181,28.5835]},"properties":{"eventId":"us7000sz3z","time":"2026-07-08T23:44:14Z","timestamp":1783554254152,"mag":5.0,"magType":"mww","depthKm":10.0,"place":"14 km N of Xunchang, China","nearestDam":"向家坝水电站","nearestDamKm":32.42,"nearestBasin":"长江—金沙江干流","corridorDistanceKm":17.49,"source":"USGS FDSN Event Web Service","url":"https://earthquake.usgs.gov/earthquakes/eventpage/us7000sz3z","updated":1784672800615}},{"type":"Feature","id":"us7000szq9","geometry":{"type":"Point","coordinates":[99.9596,26.1671]},"properties":{"eventId":"us7000szq9","time":"2026-07-11T11:09:29Z","timestamp":1783768169682,"mag":4.2,"magType":"mb","depthKm":10.0,"place":"5 km N of Zibihu, China","nearestDam":"龙开口水电站","nearestDamKm":60.62,"nearestBasin":"长江—金沙江干流","corridorDistanceKm":60.46,"source":"USGS FDSN Event Web Service","url":"https://earthquake.usgs.gov/earthquakes/eventpage/us7000szq9","updated":1785913013040}},{"type":"Feature","id":"us7000szwe","geometry":{"type":"Point","coordinates":[102.2698,31.0991]},"properties":{"eventId":"us7000szwe","time":"2026-07-12T17:03:28Z","timestamp":1783875808508,"mag":4.6,"magType":"mb","depthKm":10.0,"place":"125 km NNE of Kangding, China","nearestDam":"猴子岩水电站","nearestDamKm":63.96,"nearestBasin":"大渡河","corridorDistanceKm":63.68,"source":"USGS FDSN Event Web Service","url":"https://earthquake.usgs.gov/earthquakes/eventpage/us7000szwe","updated":1784924291040}},{"type":"Feature","id":"us7000szxs","geometry":{"type":"Point","coordinates":[104.7069,28.5838]},"properties":{"eventId":"us7000szxs","time":"2026-07-12T21:02:08Z","timestamp":1783890128854,"mag":4.6,"magType":"mb","depthKm":10.0,"place":"14 km N of Xunchang, China","nearestDam":"向家坝水电站","nearestDamKm":31.34,"nearestBasin":"长江—金沙江干流","corridorDistanceKm":17.07,"source":"USGS FDSN Event Web Service","url":"https://earthquake.usgs.gov/earthquakes/eventpage/us7000szxs","updated":1786568409040}},{"type":"Feature","id":"us7000szyb","geometry":{"type":"Point","coordinates":[104.759,28.5226]},"properties":{"eventId":"us7000szyb","time":"2026-07-12T23:27:48Z","timestamp":1783898868837,"mag":4.5,"magType":"mb","depthKm":10.0,"place":"8 km NNE of Xunchang, China","nearestDam":"向家坝水电站","nearestDamKm":38.21,"nearestBasin":"长江—金沙江干流","corridorDistanceKm":25.19,"source":"USGS FDSN Event Web Service","url":"https://earthquake.usgs.gov/earthquakes/eventpage/us7000szyb","updated":1785716218040}},{"type":"Feature","id":"us6000thn0","geometry":{"type":"Point","coordinates":[104.7446,28.5301]},"properties":{"eventId":"us6000thn0","time":"2026-08-02T18:21:45Z","timestamp":1785694905760,"mag":5.0,"magType":"mww","depthKm":10.0,"place":"8 km NNE of Xunchang, China","nearestDam":"向家坝水电站","nearestDamKm":36.59,"nearestBasin":"长江—金沙江干流","corridorDistanceKm":23.92,"source":"USGS FDSN Event Web Service","url":"https://earthquake.usgs.gov/earthquakes/eventpage/us6000thn0","updated":1786812781040}},{"type":"Feature","id":"us6000tink","geometry":{"type":"Point","coordinates":[104.5433,28.4435]},"properties":{"eventId":"us6000tink","time":"2026-08-02T19:29:23Z","timestamp":1785698963669,"mag":4.3,"magType":"mb","depthKm":10.0,"place":"2 km ENE of Qingfu, China","nearestDam":"向家坝水电站","nearestDamKm":26.8,"nearestBasin":"长江—金沙江干流","corridorDistanceKm":26.01,"source":"USGS FDSN Event Web Service","url":"https://earthquake.usgs.gov/earthquakes/eventpage/us6000tink","updated":1786652391040}},{"type":"Feature","id":"us6000tinl","geometry":{"type":"Point","coordinates":[104.644,28.5952]},"properties":{"eventId":"us6000tinl","time":"2026-08-02T19:54:02Z","timestamp":1785700442212,"mag":4.2,"magType":"mb","depthKm":10.0,"place":"14 km SE of Baixi, China","nearestDam":"向家坝水电站","nearestDamKm":25.07,"nearestBasin":"长江—金沙江干流","corridorDistanceKm":13.75,"source":"USGS FDSN Event Web Service","url":"https://earthquake.usgs.gov/earthquakes/eventpage/us6000tinl","updated":1786720747040}},{"type":"Feature","id":"us6000tiy0","geometry":{"type":"Point","coordinates":[104.6568,28.4656]},"properties":{"eventId":"us6000tiy0","time":"2026-08-03T03:11:59Z","timestamp":1785726719221,"mag":4.3,"magType":"mb","depthKm":10.0,"place":"5 km WNW of Xunchang, China","nearestDam":"向家坝水电站","nearestDamKm":32.57,"nearestBasin":"长江—金沙江干流","corridorDistanceKm":27.6,"source":"USGS FDSN Event Web Service","url":"https://earthquake.usgs.gov/earthquakes/eventpage/us6000tiy0","updated":1787714212040}},{"type":"Feature","id":"us6000thqf","geometry":{"type":"Point","coordinates":[104.7147,28.6312]},"properties":{"eventId":"us6000thqf","time":"2026-08-03T05:00:48Z","timestamp":1785733248365,"mag":4.9,"magType":"mb","depthKm":10.0,"place":"15 km SSE of Yibin, China","nearestDam":"向家坝水电站","nearestDamKm":31.38,"nearestBasin":"长江—金沙江干流","corridorDistanceKm":12.43,"source":"USGS FDSN Event Web Service","url":"https://earthquake.usgs.gov/earthquakes/eventpage/us6000thqf","updated":1787820066040}},{"type":"Feature","id":"us6000tizu","geometry":{"type":"Point","coordinates":[104.6611,28.495]},"properties":{"eventId":"us6000tizu","time":"2026-08-04T02:25:02Z","timestamp":1785810302941,"mag":4.4,"magType":"mb","depthKm":10.0,"place":"6 km NW of Xunchang, China","nearestDam":"向家坝水电站","nearestDamKm":31.02,"nearestBasin":"长江—金沙江干流","corridorDistanceKm":24.7,"source":"USGS FDSN Event Web Service","url":"https://earthquake.usgs.gov/earthquakes/eventpage/us6000tizu","updated":1787797278040}},{"type":"Feature","id":"us6000ti0y","geometry":{"type":"Point","coordinates":[104.7192,28.5423]},"properties":{"eventId":"us6000ti0y","time":"2026-08-04T15:58:34Z","timestamp":1785859114532,"mag":4.4,"magType":"mb","depthKm":10.0,"place":"9 km N of Xunchang, China","nearestDam":"向家坝水电站","nearestDamKm":33.8,"nearestBasin":"长江—金沙江干流","corridorDistanceKm":21.79,"source":"USGS FDSN Event Web Service","url":"https://earthquake.usgs.gov/earthquakes/eventpage/us6000ti0y","updated":1787936738040}},{"type":"Feature","id":"us6000tivz","geometry":{"type":"Point","coordinates":[104.7523,28.505]},"properties":{"eventId":"us6000tivz","time":"2026-08-07T05:08:30Z","timestamp":1786079310903,"mag":5.1,"magType":"mb","depthKm":10.0,"place":"6 km NNE of Xunchang, China","nearestDam":"向家坝水电站","nearestDamKm":38.35,"nearestBasin":"长江—金沙江干流","corridorDistanceKm":26.78,"source":"USGS FDSN Event Web Service","url":"https://earthquake.usgs.gov/earthquakes/eventpage/us6000tivz","updated":1786147248927}},{"type":"Feature","id":"us6000tjz8","geometry":{"type":"Point","coordinates":[104.6417,28.4697]},"properties":{"eventId":"us6000tjz8","time":"2026-08-07T08:02:13Z","timestamp":1786089733202,"mag":4.3,"magType":"mb","depthKm":10.0,"place":"7 km WNW of Xunchang, China","nearestDam":"向家坝水电站","nearestDamKm":31.13,"nearestBasin":"长江—金沙江干流","corridorDistanceKm":26.66,"source":"USGS FDSN Event Web Service","url":"https://earthquake.usgs.gov/earthquakes/eventpage/us6000tjz8","updated":1786538728040}},{"type":"Feature","id":"us6000tjri","geometry":{"type":"Point","coordinates":[104.6536,28.5462]},"properties":{"eventId":"us6000tjri","time":"2026-08-10T18:40:24Z","timestamp":1786387224937,"mag":4.6,"magType":"mb","depthKm":10.0,"place":"11 km NNW of Xunchang, China","nearestDam":"向家坝水电站","nearestDamKm":27.68,"nearestBasin":"长江—金沙江干流","corridorDistanceKm":19.15,"source":"USGS FDSN Event Web Service","url":"https://earthquake.usgs.gov/earthquakes/eventpage/us6000tjri","updated":1787246034040}},{"type":"Feature","id":"us6000tjt8","geometry":{"type":"Point","coordinates":[104.6812,28.6412]},"properties":{"eventId":"us6000tjt8","time":"2026-08-10T21:31:43Z","timestamp":1786397503296,"mag":4.5,"magType":"mb","depthKm":45.44,"place":"13 km SSE of Yibin, China","nearestDam":"向家坝水电站","nearestDamKm":28.07,"nearestBasin":"长江—金沙江干流","corridorDistanceKm":10.25,"source":"USGS FDSN Event Web Service","url":"https://earthquake.usgs.gov/earthquakes/eventpage/us6000tjt8","updated":1787191987040}},{"type":"Feature","id":"us6000tn1h","geometry":{"type":"Point","coordinates":[105.0691,28.3791]},"properties":{"eventId":"us6000tn1h","time":"2026-08-24T00:26:26Z","timestamp":1787531186410,"mag":4.9,"magType":"mww","depthKm":44.666,"place":"8 km NNE of Bowangshan, China","nearestDam":"向家坝水电站","nearestDamKm":72.34,"nearestBasin":"长江—金沙江干流","corridorDistanceKm":50.63,"source":"USGS FDSN Event Web Service","url":"https://earthquake.usgs.gov/earthquakes/eventpage/us6000tn1h","updated":1787610677085}},{"type":"Feature","id":"us7000tcht","geometry":{"type":"Point","coordinates":[105.229,29.2752]},"properties":{"eventId":"us7000tcht","time":"2026-08-28T05:13:35Z","timestamp":1787894015070,"mag":5.0,"magType":"mb","depthKm":10.0,"place":"19 km NW of Fuji, China","nearestDam":"向家坝水电站","nearestDamKm":107.28,"nearestBasin":"长江—金沙江干流","corridorDistanceKm":36.66,"source":"USGS FDSN Event Web Service","url":"https://earthquake.usgs.gov/earthquakes/eventpage/us7000tcht","updated":1787895066040}}]}
